store_id,store_name,store_city,store_location,product_id,product_name,product_category,product_cost,product_price,has_inventory_record,stock_on_hand,units_30d,units_60d,units_90d,revenue_90d,gross_profit_90d,inventory_status,days_cover_90d,inventory_cost_value,inventory_retail_value
49,Maven Toys Culiacan 1,Culiacan,Downtown,2,Animal Figures,Toys,9.99,12.99,1,0,225,416,456,5923.44,1368.0,Stockout with recent demand,0.0,0.0,0.0
45,Maven Toys Ciudad de Mexico 4,Cuidad de Mexico,Commercial,9,Dino Egg,Toys,9.99,10.99,1,0,106,219,358,3934.42,358.0,Stockout with recent demand,0.0,0.0,0.0
8,Maven Toys Pachuca 1,Pachuca,Downtown,9,Dino Egg,Toys,9.99,10.99,1,0,112,165,278,3055.22,278.0,Stockout with recent demand,0.0,0.0,0.0
34,Maven Toys Villahermosa 1,Villahermosa,Downtown,9,Dino Egg,Toys,9.99,10.99,1,0,34,98,258,2835.42,258.0,Stockout with recent demand,0.0,0.0,0.0
5,Maven Toys La Paz 1,La Paz,Downtown,21,Mini Ping Pong Set,Sports & Outdoors,6.99,9.99,1,0,94,190,277,2767.23,831.0,Stockout with recent demand,0.0,0.0,0.0
44,Maven Toys Puebla 3,Puebla,Residential,11,Etch A Sketch,Art & Crafts,10.99,20.99,1,0,3,48,129,2707.71,1290.0,Stockout with recent demand,0.0,0.0,0.0
33,Maven Toys Monterrey 3,Monterrey,Airport,13,Gamer Headphones,Electronics,14.99,20.99,1,0,65,102,127,2665.73,762.0,Stockout with recent demand,0.0,0.0,0.0
39,Maven Toys Xalapa 2,Xalapa,Downtown,1,Action Figure,Toys,9.99,15.99,1,0,51,118,165,2638.35,990.0,Stockout with recent demand,0.0,0.0,0.0
41,Maven Toys Hermosillo 2,Hermosillo,Downtown,28,Playfoam,Art & Crafts,3.99,10.99,1,0,133,237,237,2604.63,1659.0,Stockout with recent demand,0.0,0.0,0.0
44,Maven Toys Puebla 3,Puebla,Residential,1,Action Figure,Toys,9.99,15.99,1,0,31,63,136,2174.64,816.0,Stockout with recent demand,0.0,0.0,0.0
14,Maven Toys Guanajuato 1,Guanajuato,Downtown,21,Mini Ping Pong Set,Sports & Outdoors,6.99,9.99,1,0,98,132,209,2087.91,627.0,Stockout with recent demand,0.0,0.0,0.0
7,Maven Toys Monterrey 2,Monterrey,Downtown,9,Dino Egg,Toys,9.99,10.99,1,0,39,59,185,2033.15,185.0,Stockout with recent demand,0.0,0.0,0.0
13,Maven Toys Mexicali 2,Mexicali,Downtown,9,Dino Egg,Toys,9.99,10.99,1,0,66,80,182,2000.18,182.0,Stockout with recent demand,0.0,0.0,0.0
24,Maven Toys Aguascalientes 1,Aguascalientes,Downtown,21,Mini Ping Pong Set,Sports & Outdoors,6.99,9.99,1,0,141,191,198,1978.02,594.0,Stockout with recent demand,0.0,0.0,0.0
2,Maven Toys Monterrey 1,Monterrey,Residential,1,Action Figure,Toys,9.99,15.99,1,0,67,76,121,1934.79,726.0,Stockout with recent demand,0.0,0.0,0.0
13,Maven Toys Mexicali 2,Mexicali,Downtown,1,Action Figure,Toys,9.99,15.99,1,0,78,87,111,1774.89,666.0,Stockout with recent demand,0.0,0.0,0.0
22,Maven Toys Guanajuato 2,Guanajuato,Commercial,28,Playfoam,Art & Crafts,3.99,10.99,1,0,121,159,159,1747.41,1113.0,Stockout with recent demand,0.0,0.0,0.0
1,Maven Toys Guadalajara 1,Guadalajara,Residential,2,Animal Figures,Toys,9.99,12.99,1,0,33,104,123,1597.77,369.0,Stockout with recent demand,0.0,0.0,0.0
41,Maven Toys Hermosillo 2,Hermosillo,Downtown,11,Etch A Sketch,Art & Crafts,10.99,20.99,1,0,40,40,71,1490.29,710.0,Stockout with recent demand,0.0,0.0,0.0
40,Maven Toys Toluca 2,Toluca,Commercial,28,Playfoam,Art & Crafts,3.99,10.99,1,0,111,132,132,1450.68,924.0,Stockout with recent demand,0.0,0.0,0.0
8,Maven Toys Pachuca 1,Pachuca,Downtown,13,Gamer Headphones,Electronics,14.99,20.99,1,0,37,46,69,1448.31,414.0,Stockout with recent demand,0.0,0.0,0.0
2,Maven Toys Monterrey 1,Monterrey,Residential,9,Dino Egg,Toys,9.99,10.99,1,0,32,95,131,1439.69,131.0,Stockout with recent demand,0.0,0.0,0.0
11,Maven Toys Cuernavaca 1,Cuernavaca,Downtown,21,Mini Ping Pong Set,Sports & Outdoors,6.99,9.99,1,0,57,115,140,1398.6,420.0,Stockout with recent demand,0.0,0.0,0.0
1,Maven Toys Guadalajara 1,Guadalajara,Residential,34,Toy Robot,Electronics,20.99,25.99,1,0,45,45,53,1377.47,265.0,Stockout with recent demand,0.0,0.0,0.0
13,Maven Toys Mexicali 2,Mexicali,Downtown,12,Foam Disk Launcher,Sports & Outdoors,8.99,11.99,1,0,33,49,110,1318.9,330.0,Stockout with recent demand,0.0,0.0,0.0
7,Maven Toys Monterrey 2,Monterrey,Downtown,28,Playfoam,Art & Crafts,3.99,10.99,1,0,85,116,116,1274.84,812.0,Stockout with recent demand,0.0,0.0,0.0
28,Maven Toys Puebla 2,Puebla,Downtown,2,Animal Figures,Toys,9.99,12.99,1,0,25,42,90,1169.1,270.0,Stockout with recent demand,0.0,0.0,0.0
41,Maven Toys Hermosillo 2,Hermosillo,Downtown,29,Plush Pony,Toys,8.99,19.99,1,0,45,58,58,1159.42,638.0,Stockout with recent demand,0.0,0.0,0.0
42,Maven Toys Hermosillo 3,Hermosillo,Commercial,28,Playfoam,Art & Crafts,3.99,10.99,1,0,105,105,105,1153.95,735.0,Stockout with recent demand,0.0,0.0,0.0
15,Maven Toys Tuxtla Gutierrez 1,Tuxtla Gutierrez,Downtown,12,Foam Disk Launcher,Sports & Outdoors,8.99,11.99,1,0,24,48,87,1043.13,261.0,Stockout with recent demand,0.0,0.0,0.0
16,Maven Toys San Luis Potosi 1,San Luis Potosi,Downtown,28,Playfoam,Art & Crafts,3.99,10.99,1,0,82,92,92,1011.08,644.0,Stockout with recent demand,0.0,0.0,0.0
50,Maven Toys Guanajuato 3,Guanajuato,Residential,28,Playfoam,Art & Crafts,3.99,10.99,1,0,58,91,91,1000.09,637.0,Stockout with recent demand,0.0,0.0,0.0
49,Maven Toys Culiacan 1,Culiacan,Downtown,15,Hot Wheels 5-Pack,Toys,3.99,5.99,1,0,73,127,163,976.37,326.0,Stockout with recent demand,0.0,0.0,0.0
5,Maven Toys La Paz 1,La Paz,Downtown,11,Etch A Sketch,Art & Crafts,10.99,20.99,1,0,21,46,46,965.54,460.0,Stockout with recent demand,0.0,0.0,0.0
20,Maven Toys Zacatecas 1,Zacatecas,Downtown,21,Mini Ping Pong Set,Sports & Outdoors,6.99,9.99,1,0,70,70,95,949.05,285.0,Stockout with recent demand,0.0,0.0,0.0
13,Maven Toys Mexicali 2,Mexicali,Downtown,11,Etch A Sketch,Art & Crafts,10.99,20.99,1,0,13,19,43,902.57,430.0,Stockout with recent demand,0.0,0.0,0.0
14,Maven Toys Guanajuato 1,Guanajuato,Downtown,29,Plush Pony,Toys,8.99,19.99,1,0,26,38,43,859.57,473.0,Stockout with recent demand,0.0,0.0,0.0
39,Maven Toys Xalapa 2,Xalapa,Downtown,15,Hot Wheels 5-Pack,Toys,3.99,5.99,1,0,69,110,143,856.57,286.0,Stockout with recent demand,0.0,0.0,0.0
4,Maven Toys Saltillo 1,Saltillo,Downtown,34,Toy Robot,Electronics,20.99,25.99,1,0,21,21,31,805.69,155.0,Stockout with recent demand,0.0,0.0,0.0
24,Maven Toys Aguascalientes 1,Aguascalientes,Downtown,28,Playfoam,Art & Crafts,3.99,10.99,1,0,57,72,72,791.28,504.0,Stockout with recent demand,0.0,0.0,0.0
50,Maven Toys Guanajuato 3,Guanajuato,Residential,12,Foam Disk Launcher,Sports & Outdoors,8.99,11.99,1,0,8,31,65,779.35,195.0,Stockout with recent demand,0.0,0.0,0.0
18,Maven Toys Merida 1,Merida,Downtown,28,Playfoam,Art & Crafts,3.99,10.99,1,0,61,67,67,736.33,469.0,Stockout with recent demand,0.0,0.0,0.0
39,Maven Toys Xalapa 2,Xalapa,Downtown,28,Playfoam,Art & Crafts,3.99,10.99,1,0,53,67,67,736.33,469.0,Stockout with recent demand,0.0,0.0,0.0
36,Maven Toys Morelia 1,Morelia,Downtown,4,Chutes & Ladders,Games,9.99,12.99,1,0,19,44,54,701.46,162.0,Stockout with recent demand,0.0,0.0,0.0
22,Maven Toys Guanajuato 2,Guanajuato,Commercial,15,Hot Wheels 5-Pack,Toys,3.99,5.99,1,0,38,99,115,688.85,230.0,Stockout with recent demand,0.0,0.0,0.0
32,Maven Toys Hermosillo 1,Hermosillo,Residential,21,Mini Ping Pong Set,Sports & Outdoors,6.99,9.99,1,0,44,59,68,679.32,204.0,Stockout with recent demand,0.0,0.0,0.0
19,Maven Toys Puebla 1,Puebla,Commercial,15,Hot Wheels 5-Pack,Toys,3.99,5.99,1,0,68,87,113,676.87,226.0,Stockout with recent demand,0.0,0.0,0.0
5,Maven Toys La Paz 1,La Paz,Downtown,12,Foam Disk Launcher,Sports & Outdoors,8.99,11.99,1,0,36,48,52,623.48,156.0,Stockout with recent demand,0.0,0.0,0.0
35,Maven Toys Chilpancingo 1,Chilpancingo,Downtown,15,Hot Wheels 5-Pack,Toys,3.99,5.99,1,0,62,73,102,610.98,204.0,Stockout with recent demand,0.0,0.0,0.0
3,Maven Toys Guadalajara 2,Guadalajara,Commercial,15,Hot Wheels 5-Pack,Toys,3.99,5.99,1,0,38,53,98,587.02,196.0,Stockout with recent demand,0.0,0.0,0.0
33,Maven Toys Monterrey 3,Monterrey,Airport,15,Hot Wheels 5-Pack,Toys,3.99,5.99,1,0,48,68,98,587.02,196.0,Stockout with recent demand,0.0,0.0,0.0
6,Maven Toys Mexicali 1,Mexicali,Commercial,1,Action Figure,Toys,9.99,15.99,1,0,10,21,32,511.68,192.0,Stockout with recent demand,0.0,0.0,0.0
37,Maven Toys Ciudad de Mexico 3,Cuidad de Mexico,Residential,32,Supersoaker Water Gun,Sports & Outdoors,11.99,14.99,1,0,25,28,34,509.66,102.0,Stockout with recent demand,0.0,0.0,0.0
44,Maven Toys Puebla 3,Puebla,Residential,33,Teddy Bear,Toys,10.99,12.99,1,0,7,18,39,506.61,78.0,Stockout with recent demand,0.0,0.0,0.0
25,Maven Toys Ciudad Victoria 1,Ciudad Victoria,Downtown,31,Splash Balls,Sports & Outdoors,7.99,8.99,1,0,27,35,56,503.44,56.0,Stockout with recent demand,0.0,0.0,0.0
22,Maven Toys Guanajuato 2,Guanajuato,Commercial,3,Barrel O' Slime,Art & Crafts,1.99,3.99,1,0,51,75,123,490.77,246.0,Stockout with recent demand,0.0,0.0,0.0
8,Maven Toys Pachuca 1,Pachuca,Downtown,14,Glass Marbles,Games,5.99,10.99,1,0,25,35,44,483.56,220.0,Stockout with recent demand,0.0,0.0,0.0
3,Maven Toys Guadalajara 2,Guadalajara,Commercial,29,Plush Pony,Toys,8.99,19.99,1,0,8,23,23,459.77,253.0,Stockout with recent demand,0.0,0.0,0.0
41,Maven Toys Hermosillo 2,Hermosillo,Downtown,4,Chutes & Ladders,Games,9.99,12.99,1,0,23,34,34,441.66,102.0,Stockout with recent demand,0.0,0.0,0.0
2,Maven Toys Monterrey 1,Monterrey,Residential,11,Etch A Sketch,Art & Crafts,10.99,20.99,1,0,2,19,20,419.8,200.0,Stockout with recent demand,0.0,0.0,0.0
28,Maven Toys Puebla 2,Puebla,Downtown,15,Hot Wheels 5-Pack,Toys,3.99,5.99,1,0,21,39,68,407.32,136.0,Stockout with recent demand,0.0,0.0,0.0
5,Maven Toys La Paz 1,La Paz,Downtown,28,Playfoam,Art & Crafts,3.99,10.99,1,0,26,34,34,373.66,238.0,Stockout with recent demand,0.0,0.0,0.0
37,Maven Toys Ciudad de Mexico 3,Cuidad de Mexico,Residential,23,Mr. Potatohead,Toys,4.99,9.99,1,0,16,16,37,369.63,185.0,Stockout with recent demand,0.0,0.0,0.0
5,Maven Toys La Paz 1,La Paz,Downtown,15,Hot Wheels 5-Pack,Toys,3.99,5.99,1,0,26,44,61,365.39,122.0,Stockout with recent demand,0.0,0.0,0.0
27,Maven Toys Oaxaca 1,Oaxaca,Downtown,11,Etch A Sketch,Art & Crafts,10.99,20.99,1,0,12,17,17,356.83,170.0,Stockout with recent demand,0.0,0.0,0.0
19,Maven Toys Puebla 1,Puebla,Commercial,11,Etch A Sketch,Art & Crafts,10.99,20.99,1,0,8,8,13,272.87,130.0,Stockout with recent demand,0.0,0.0,0.0
45,Maven Toys Ciudad de Mexico 4,Cuidad de Mexico,Commercial,28,Playfoam,Art & Crafts,3.99,10.99,1,0,8,24,24,263.76,168.0,Stockout with recent demand,0.0,0.0,0.0
24,Maven Toys Aguascalientes 1,Aguascalientes,Downtown,12,Foam Disk Launcher,Sports & Outdoors,8.99,11.99,1,0,10,11,21,251.79,63.0,Stockout with recent demand,0.0,0.0,0.0
1,Maven Toys Guadalajara 1,Guadalajara,Residential,5,Classic Dominoes,Games,7.99,9.99,1,0,25,25,25,249.75,50.0,Stockout with recent demand,0.0,0.0,0.0
24,Maven Toys Aguascalientes 1,Aguascalientes,Downtown,15,Hot Wheels 5-Pack,Toys,3.99,5.99,1,0,18,37,38,227.62,76.0,Stockout with recent demand,0.0,0.0,0.0
8,Maven Toys Pachuca 1,Pachuca,Downtown,15,Hot Wheels 5-Pack,Toys,3.99,5.99,1,0,18,28,36,215.64,72.0,Stockout with recent demand,0.0,0.0,0.0
13,Maven Toys Mexicali 2,Mexicali,Downtown,28,Playfoam,Art & Crafts,3.99,10.99,1,0,17,17,17,186.83,119.0,Stockout with recent demand,0.0,0.0,0.0
14,Maven Toys Guanajuato 1,Guanajuato,Downtown,15,Hot Wheels 5-Pack,Toys,3.99,5.99,1,0,17,25,29,173.71,58.0,Stockout with recent demand,0.0,0.0,0.0
38,Maven Toys Chihuahua 2,Chihuahua,Downtown,12,Foam Disk Launcher,Sports & Outdoors,8.99,11.99,1,0,7,14,14,167.86,42.0,Stockout with recent demand,0.0,0.0,0.0
19,Maven Toys Puebla 1,Puebla,Commercial,33,Teddy Bear,Toys,10.99,12.99,1,0,9,9,9,116.91,18.0,Stockout with recent demand,0.0,0.0,0.0
48,Maven Toys Saltillo 2,Saltillo,Commercial,33,Teddy Bear,Toys,10.99,12.99,1,0,7,7,7,90.93,14.0,Stockout with recent demand,0.0,0.0,0.0
42,Maven Toys Hermosillo 3,Hermosillo,Commercial,16,Jenga,Games,2.99,9.99,1,0,4,8,8,79.92,56.0,Stockout with recent demand,0.0,0.0,0.0
31,Maven Toys Ciudad de Mexico 2,Cuidad de Mexico,Airport,16,Jenga,Games,2.99,9.99,0,,0,0,40,399.6,280.0,Missing inventory record,,,
17,Maven Toys Toluca 1,Toluca,Downtown,16,Jenga,Games,2.99,9.99,0,,0,16,34,339.66,238.0,Missing inventory record,,,
47,Maven Toys Monterrey 4,Monterrey,Commercial,16,Jenga,Games,2.99,9.99,0,,0,0,31,309.69,217.0,Missing inventory record,,,
28,Maven Toys Puebla 2,Puebla,Downtown,16,Jenga,Games,2.99,9.99,0,,10,10,30,299.7,210.0,Missing inventory record,,,
2,Maven Toys Monterrey 1,Monterrey,Residential,16,Jenga,Games,2.99,9.99,0,,0,0,23,229.77,161.0,Missing inventory record,,,
3,Maven Toys Guadalajara 2,Guadalajara,Commercial,16,Jenga,Games,2.99,9.99,0,,0,13,23,229.77,161.0,Missing inventory record,,,
46,Maven Toys Guadalajara 4,Guadalajara,Downtown,16,Jenga,Games,2.99,9.99,0,,0,0,23,229.77,161.0,Missing inventory record,,,
21,Maven Toys Santiago 1,Santiago,Downtown,16,Jenga,Games,2.99,9.99,0,,0,5,21,209.79,147.0,Missing inventory record,,,
15,Maven Toys Tuxtla Gutierrez 1,Tuxtla Gutierrez,Downtown,16,Jenga,Games,2.99,9.99,0,,0,3,20,199.8,140.0,Missing inventory record,,,
39,Maven Toys Xalapa 2,Xalapa,Downtown,16,Jenga,Games,2.99,9.99,0,,0,17,17,169.83,119.0,Missing inventory record,,,
40,Maven Toys Toluca 2,Toluca,Commercial,16,Jenga,Games,2.99,9.99,0,,0,5,14,139.86,98.0,Missing inventory record,,,
5,Maven Toys La Paz 1,La Paz,Downtown,16,Jenga,Games,2.99,9.99,0,,0,0,13,129.87,91.0,Missing inventory record,,,
20,Maven Toys Zacatecas 1,Zacatecas,Downtown,16,Jenga,Games,2.99,9.99,0,,5,5,12,119.88,84.0,Missing inventory record,,,
25,Maven Toys Ciudad Victoria 1,Ciudad Victoria,Downtown,16,Jenga,Games,2.99,9.99,0,,0,4,11,109.89,77.0,Missing inventory record,,,
45,Maven Toys Ciudad de Mexico 4,Cuidad de Mexico,Commercial,16,Jenga,Games,2.99,9.99,0,,0,0,11,109.89,77.0,Missing inventory record,,,
13,Maven Toys Mexicali 2,Mexicali,Downtown,16,Jenga,Games,2.99,9.99,0,,0,0,10,99.9,70.0,Missing inventory record,,,
43,Maven Toys Durango 1,Durango,Downtown,16,Jenga,Games,2.99,9.99,0,,5,5,9,89.91,63.0,Missing inventory record,,,
11,Maven Toys Cuernavaca 1,Cuernavaca,Downtown,16,Jenga,Games,2.99,9.99,0,,8,8,8,79.92,56.0,Missing inventory record,,,
30,Maven Toys Guadalajara 3,Guadalajara,Airport,16,Jenga,Games,2.99,9.99,0,,0,0,7,69.93,49.0,Missing inventory record,,,
27,Maven Toys Oaxaca 1,Oaxaca,Downtown,16,Jenga,Games,2.99,9.99,0,,0,5,5,49.95,35.0,Missing inventory record,,,
29,Maven Toys Xalapa 1,Xalapa,Commercial,16,Jenga,Games,2.99,9.99,0,,0,0,4,39.96,28.0,Missing inventory record,,,
35,Maven Toys Chilpancingo 1,Chilpancingo,Downtown,16,Jenga,Games,2.99,9.99,0,,2,2,4,39.96,28.0,Missing inventory record,,,
14,Maven Toys Guanajuato 1,Guanajuato,Downtown,16,Jenga,Games,2.99,9.99,0,,0,1,1,9.99,7.0,Missing inventory record,,,
2,Maven Toys Monterrey 1,Monterrey,Residential,4,Chutes & Ladders,Games,9.99,12.99,0,,0,0,0,0,0,Missing inventory record,,,
2,Maven Toys Monterrey 1,Monterrey,Residential,5,Classic Dominoes,Games,7.99,9.99,0,,0,0,0,0,0,Missing inventory record,,,
2,Maven Toys Monterrey 1,Monterrey,Residential,20,Mini Basketball Hoop,Sports & Outdoors,8.99,24.99,0,,0,0,0,0,0,Missing inventory record,,,
2,Maven Toys Monterrey 1,Monterrey,Residential,22,Monopoly,Games,13.99,19.99,0,,0,0,0,0,0,Missing inventory record,,,
2,Maven Toys Monterrey 1,Monterrey,Residential,35,Uno Card Game,Games,3.99,7.99,0,,0,0,0,0,0,Missing inventory record,,,
3,Maven Toys Guadalajara 2,Guadalajara,Commercial,4,Chutes & Ladders,Games,9.99,12.99,0,,0,0,0,0,0,Missing inventory record,,,
3,Maven Toys Guadalajara 2,Guadalajara,Commercial,5,Classic Dominoes,Games,7.99,9.99,0,,0,0,0,0,0,Missing inventory record,,,
3,Maven Toys Guadalajara 2,Guadalajara,Commercial,20,Mini Basketball Hoop,Sports & Outdoors,8.99,24.99,0,,0,0,0,0,0,Missing inventory record,,,
3,Maven Toys Guadalajara 2,Guadalajara,Commercial,22,Monopoly,Games,13.99,19.99,0,,0,0,0,0,0,Missing inventory record,,,
3,Maven Toys Guadalajara 2,Guadalajara,Commercial,35,Uno Card Game,Games,3.99,7.99,0,,0,0,0,0,0,Missing inventory record,,,
5,Maven Toys La Paz 1,La Paz,Downtown,4,Chutes & Ladders,Games,9.99,12.99,0,,0,0,0,0,0,Missing inventory record,,,
5,Maven Toys La Paz 1,La Paz,Downtown,5,Classic Dominoes,Games,7.99,9.99,0,,0,0,0,0.0,0.0,Missing inventory record,,,
5,Maven Toys La Paz 1,La Paz,Downtown,20,Mini Basketball Hoop,Sports & Outdoors,8.99,24.99,0,,0,0,0,0.0,0.0,Missing inventory record,,,
5,Maven Toys La Paz 1,La Paz,Downtown,22,Monopoly,Games,13.99,19.99,0,,0,0,0,0,0,Missing inventory record,,,
5,Maven Toys La Paz 1,La Paz,Downtown,35,Uno Card Game,Games,3.99,7.99,0,,0,0,0,0,0,Missing inventory record,,,
11,Maven Toys Cuernavaca 1,Cuernavaca,Downtown,4,Chutes & Ladders,Games,9.99,12.99,0,,0,0,0,0,0,Missing inventory record,,,
11,Maven Toys Cuernavaca 1,Cuernavaca,Downtown,5,Classic Dominoes,Games,7.99,9.99,0,,0,0,0,0.0,0.0,Missing inventory record,,,
11,Maven Toys Cuernavaca 1,Cuernavaca,Downtown,20,Mini Basketball Hoop,Sports & Outdoors,8.99,24.99,0,,0,0,0,0.0,0.0,Missing inventory record,,,
11,Maven Toys Cuernavaca 1,Cuernavaca,Downtown,22,Monopoly,Games,13.99,19.99,0,,0,0,0,0,0,Missing inventory record,,,
11,Maven Toys Cuernavaca 1,Cuernavaca,Downtown,35,Uno Card Game,Games,3.99,7.99,0,,0,0,0,0.0,0.0,Missing inventory record,,,
13,Maven Toys Mexicali 2,Mexicali,Downtown,4,Chutes & Ladders,Games,9.99,12.99,0,,0,0,0,0,0,Missing inventory record,,,
13,Maven Toys Mexicali 2,Mexicali,Downtown,5,Classic Dominoes,Games,7.99,9.99,0,,0,0,0,0,0,Missing inventory record,,,
13,Maven Toys Mexicali 2,Mexicali,Downtown,20,Mini Basketball Hoop,Sports & Outdoors,8.99,24.99,0,,0,0,0,0,0,Missing inventory record,,,
13,Maven Toys Mexicali 2,Mexicali,Downtown,22,Monopoly,Games,13.99,19.99,0,,0,0,0,0,0,Missing inventory record,,,
13,Maven Toys Mexicali 2,Mexicali,Downtown,35,Uno Card Game,Games,3.99,7.99,0,,0,0,0,0,0,Missing inventory record,,,
14,Maven Toys Guanajuato 1,Guanajuato,Downtown,4,Chutes & Ladders,Games,9.99,12.99,0,,0,0,0,0,0,Missing inventory record,,,
14,Maven Toys Guanajuato 1,Guanajuato,Downtown,5,Classic Dominoes,Games,7.99,9.99,0,,0,0,0,0,0,Missing inventory record,,,
14,Maven Toys Guanajuato 1,Guanajuato,Downtown,20,Mini Basketball Hoop,Sports & Outdoors,8.99,24.99,0,,0,0,0,0,0,Missing inventory record,,,
14,Maven Toys Guanajuato 1,Guanajuato,Downtown,22,Monopoly,Games,13.99,19.99,0,,0,0,0,0,0,Missing inventory record,,,
14,Maven Toys Guanajuato 1,Guanajuato,Downtown,35,Uno Card Game,Games,3.99,7.99,0,,0,0,0,0,0,Missing inventory record,,,
15,Maven Toys Tuxtla Gutierrez 1,Tuxtla Gutierrez,Downtown,4,Chutes & Ladders,Games,9.99,12.99,0,,0,0,0,0,0,Missing inventory record,,,
15,Maven Toys Tuxtla Gutierrez 1,Tuxtla Gutierrez,Downtown,5,Classic Dominoes,Games,7.99,9.99,0,,0,0,0,0.0,0.0,Missing inventory record,,,
15,Maven Toys Tuxtla Gutierrez 1,Tuxtla Gutierrez,Downtown,20,Mini Basketball Hoop,Sports & Outdoors,8.99,24.99,0,,0,0,0,0.0,0.0,Missing inventory record,,,
15,Maven Toys Tuxtla Gutierrez 1,Tuxtla Gutierrez,Downtown,22,Monopoly,Games,13.99,19.99,0,,0,0,0,0,0,Missing inventory record,,,
15,Maven Toys Tuxtla Gutierrez 1,Tuxtla Gutierrez,Downtown,35,Uno Card Game,Games,3.99,7.99,0,,0,0,0,0.0,0.0,Missing inventory record,,,
17,Maven Toys Toluca 1,Toluca,Downtown,4,Chutes & Ladders,Games,9.99,12.99,0,,0,0,0,0,0,Missing inventory record,,,
17,Maven Toys Toluca 1,Toluca,Downtown,5,Classic Dominoes,Games,7.99,9.99,0,,0,0,0,0,0,Missing inventory record,,,
17,Maven Toys Toluca 1,Toluca,Downtown,20,Mini Basketball Hoop,Sports & Outdoors,8.99,24.99,0,,0,0,0,0,0,Missing inventory record,,,
17,Maven Toys Toluca 1,Toluca,Downtown,22,Monopoly,Games,13.99,19.99,0,,0,0,0,0,0,Missing inventory record,,,
17,Maven Toys Toluca 1,Toluca,Downtown,35,Uno Card Game,Games,3.99,7.99,0,,0,0,0,0,0,Missing inventory record,,,
20,Maven Toys Zacatecas 1,Zacatecas,Downtown,4,Chutes & Ladders,Games,9.99,12.99,0,,0,0,0,0,0,Missing inventory record,,,
20,Maven Toys Zacatecas 1,Zacatecas,Downtown,5,Classic Dominoes,Games,7.99,9.99,0,,0,0,0,0,0,Missing inventory record,,,
20,Maven Toys Zacatecas 1,Zacatecas,Downtown,20,Mini Basketball Hoop,Sports & Outdoors,8.99,24.99,0,,0,0,0,0,0,Missing inventory record,,,
20,Maven Toys Zacatecas 1,Zacatecas,Downtown,22,Monopoly,Games,13.99,19.99,0,,0,0,0,0,0,Missing inventory record,,,
20,Maven Toys Zacatecas 1,Zacatecas,Downtown,35,Uno Card Game,Games,3.99,7.99,0,,0,0,0,0,0,Missing inventory record,,,
21,Maven Toys Santiago 1,Santiago,Downtown,4,Chutes & Ladders,Games,9.99,12.99,0,,0,0,0,0,0,Missing inventory record,,,
21,Maven Toys Santiago 1,Santiago,Downtown,5,Classic Dominoes,Games,7.99,9.99,0,,0,0,0,0,0,Missing inventory record,,,
21,Maven Toys Santiago 1,Santiago,Downtown,20,Mini Basketball Hoop,Sports & Outdoors,8.99,24.99,0,,0,0,0,0,0,Missing inventory record,,,
21,Maven Toys Santiago 1,Santiago,Downtown,22,Monopoly,Games,13.99,19.99,0,,0,0,0,0,0,Missing inventory record,,,
21,Maven Toys Santiago 1,Santiago,Downtown,35,Uno Card Game,Games,3.99,7.99,0,,0,0,0,0,0,Missing inventory record,,,
25,Maven Toys Ciudad Victoria 1,Ciudad Victoria,Downtown,4,Chutes & Ladders,Games,9.99,12.99,0,,0,0,0,0,0,Missing inventory record,,,
25,Maven Toys Ciudad Victoria 1,Ciudad Victoria,Downtown,5,Classic Dominoes,Games,7.99,9.99,0,,0,0,0,0,0,Missing inventory record,,,
25,Maven Toys Ciudad Victoria 1,Ciudad Victoria,Downtown,20,Mini Basketball Hoop,Sports & Outdoors,8.99,24.99,0,,0,0,0,0,0,Missing inventory record,,,
25,Maven Toys Ciudad Victoria 1,Ciudad Victoria,Downtown,22,Monopoly,Games,13.99,19.99,0,,0,0,0,0,0,Missing inventory record,,,
25,Maven Toys Ciudad Victoria 1,Ciudad Victoria,Downtown,35,Uno Card Game,Games,3.99,7.99,0,,0,0,0,0,0,Missing inventory record,,,
27,Maven Toys Oaxaca 1,Oaxaca,Downtown,4,Chutes & Ladders,Games,9.99,12.99,0,,0,0,0,0,0,Missing inventory record,,,
27,Maven Toys Oaxaca 1,Oaxaca,Downtown,5,Classic Dominoes,Games,7.99,9.99,0,,0,0,0,0,0,Missing inventory record,,,
27,Maven Toys Oaxaca 1,Oaxaca,Downtown,20,Mini Basketball Hoop,Sports & Outdoors,8.99,24.99,0,,0,0,0,0,0,Missing inventory record,,,
27,Maven Toys Oaxaca 1,Oaxaca,Downtown,22,Monopoly,Games,13.99,19.99,0,,0,0,0,0,0,Missing inventory record,,,
27,Maven Toys Oaxaca 1,Oaxaca,Downtown,35,Uno Card Game,Games,3.99,7.99,0,,0,0,0,0,0,Missing inventory record,,,
28,Maven Toys Puebla 2,Puebla,Downtown,4,Chutes & Ladders,Games,9.99,12.99,0,,0,0,0,0,0,Missing inventory record,,,
28,Maven Toys Puebla 2,Puebla,Downtown,5,Classic Dominoes,Games,7.99,9.99,0,,0,0,0,0,0,Missing inventory record,,,
28,Maven Toys Puebla 2,Puebla,Downtown,20,Mini Basketball Hoop,Sports & Outdoors,8.99,24.99,0,,0,0,0,0,0,Missing inventory record,,,
28,Maven Toys Puebla 2,Puebla,Downtown,22,Monopoly,Games,13.99,19.99,0,,0,0,0,0,0,Missing inventory record,,,
28,Maven Toys Puebla 2,Puebla,Downtown,35,Uno Card Game,Games,3.99,7.99,0,,0,0,0,0,0,Missing inventory record,,,
29,Maven Toys Xalapa 1,Xalapa,Commercial,4,Chutes & Ladders,Games,9.99,12.99,0,,0,0,0,0,0,Missing inventory record,,,
29,Maven Toys Xalapa 1,Xalapa,Commercial,5,Classic Dominoes,Games,7.99,9.99,0,,0,0,0,0,0,Missing inventory record,,,
29,Maven Toys Xalapa 1,Xalapa,Commercial,20,Mini Basketball Hoop,Sports & Outdoors,8.99,24.99,0,,0,0,0,0,0,Missing inventory record,,,
29,Maven Toys Xalapa 1,Xalapa,Commercial,22,Monopoly,Games,13.99,19.99,0,,0,0,0,0,0,Missing inventory record,,,
29,Maven Toys Xalapa 1,Xalapa,Commercial,35,Uno Card Game,Games,3.99,7.99,0,,0,0,0,0,0,Missing inventory record,,,
30,Maven Toys Guadalajara 3,Guadalajara,Airport,4,Chutes & Ladders,Games,9.99,12.99,0,,0,0,0,0,0,Missing inventory record,,,
30,Maven Toys Guadalajara 3,Guadalajara,Airport,5,Classic Dominoes,Games,7.99,9.99,0,,0,0,0,0,0,Missing inventory record,,,
30,Maven Toys Guadalajara 3,Guadalajara,Airport,20,Mini Basketball Hoop,Sports & Outdoors,8.99,24.99,0,,0,0,0,0,0,Missing inventory record,,,
30,Maven Toys Guadalajara 3,Guadalajara,Airport,22,Monopoly,Games,13.99,19.99,0,,0,0,0,0,0,Missing inventory record,,,
30,Maven Toys Guadalajara 3,Guadalajara,Airport,35,Uno Card Game,Games,3.99,7.99,0,,0,0,0,0,0,Missing inventory record,,,
31,Maven Toys Ciudad de Mexico 2,Cuidad de Mexico,Airport,4,Chutes & Ladders,Games,9.99,12.99,0,,0,0,0,0,0,Missing inventory record,,,
31,Maven Toys Ciudad de Mexico 2,Cuidad de Mexico,Airport,5,Classic Dominoes,Games,7.99,9.99,0,,0,0,0,0,0,Missing inventory record,,,
31,Maven Toys Ciudad de Mexico 2,Cuidad de Mexico,Airport,20,Mini Basketball Hoop,Sports & Outdoors,8.99,24.99,0,,0,0,0,0,0,Missing inventory record,,,
31,Maven Toys Ciudad de Mexico 2,Cuidad de Mexico,Airport,22,Monopoly,Games,13.99,19.99,0,,0,0,0,0,0,Missing inventory record,,,
31,Maven Toys Ciudad de Mexico 2,Cuidad de Mexico,Airport,35,Uno Card Game,Games,3.99,7.99,0,,0,0,0,0,0,Missing inventory record,,,
32,Maven Toys Hermosillo 1,Hermosillo,Residential,4,Chutes & Ladders,Games,9.99,12.99,0,,0,0,0,0,0,Missing inventory record,,,
32,Maven Toys Hermosillo 1,Hermosillo,Residential,5,Classic Dominoes,Games,7.99,9.99,0,,0,0,0,0,0,Missing inventory record,,,
32,Maven Toys Hermosillo 1,Hermosillo,Residential,16,Jenga,Games,2.99,9.99,0,,0,0,0,0.0,0.0,Missing inventory record,,,
32,Maven Toys Hermosillo 1,Hermosillo,Residential,20,Mini Basketball Hoop,Sports & Outdoors,8.99,24.99,0,,0,0,0,0,0,Missing inventory record,,,
32,Maven Toys Hermosillo 1,Hermosillo,Residential,22,Monopoly,Games,13.99,19.99,0,,0,0,0,0,0,Missing inventory record,,,
32,Maven Toys Hermosillo 1,Hermosillo,Residential,35,Uno Card Game,Games,3.99,7.99,0,,0,0,0,0,0,Missing inventory record,,,
35,Maven Toys Chilpancingo 1,Chilpancingo,Downtown,4,Chutes & Ladders,Games,9.99,12.99,0,,0,0,0,0,0,Missing inventory record,,,
35,Maven Toys Chilpancingo 1,Chilpancingo,Downtown,5,Classic Dominoes,Games,7.99,9.99,0,,0,0,0,0,0,Missing inventory record,,,
35,Maven Toys Chilpancingo 1,Chilpancingo,Downtown,20,Mini Basketball Hoop,Sports & Outdoors,8.99,24.99,0,,0,0,0,0,0,Missing inventory record,,,
35,Maven Toys Chilpancingo 1,Chilpancingo,Downtown,22,Monopoly,Games,13.99,19.99,0,,0,0,0,0,0,Missing inventory record,,,
35,Maven Toys Chilpancingo 1,Chilpancingo,Downtown,35,Uno Card Game,Games,3.99,7.99,0,,0,0,0,0,0,Missing inventory record,,,
39,Maven Toys Xalapa 2,Xalapa,Downtown,4,Chutes & Ladders,Games,9.99,12.99,0,,0,0,0,0,0,Missing inventory record,,,
39,Maven Toys Xalapa 2,Xalapa,Downtown,5,Classic Dominoes,Games,7.99,9.99,0,,0,0,0,0,0,Missing inventory record,,,
39,Maven Toys Xalapa 2,Xalapa,Downtown,20,Mini Basketball Hoop,Sports & Outdoors,8.99,24.99,0,,0,0,0,0,0,Missing inventory record,,,
39,Maven Toys Xalapa 2,Xalapa,Downtown,22,Monopoly,Games,13.99,19.99,0,,0,0,0,0,0,Missing inventory record,,,
39,Maven Toys Xalapa 2,Xalapa,Downtown,35,Uno Card Game,Games,3.99,7.99,0,,0,0,0,0,0,Missing inventory record,,,
40,Maven Toys Toluca 2,Toluca,Commercial,4,Chutes & Ladders,Games,9.99,12.99,0,,0,0,0,0.0,0.0,Missing inventory record,,,
40,Maven Toys Toluca 2,Toluca,Commercial,5,Classic Dominoes,Games,7.99,9.99,0,,0,0,0,0.0,0.0,Missing inventory record,,,
40,Maven Toys Toluca 2,Toluca,Commercial,20,Mini Basketball Hoop,Sports & Outdoors,8.99,24.99,0,,0,0,0,0.0,0.0,Missing inventory record,,,
40,Maven Toys Toluca 2,Toluca,Commercial,22,Monopoly,Games,13.99,19.99,0,,0,0,0,0.0,0.0,Missing inventory record,,,
40,Maven Toys Toluca 2,Toluca,Commercial,35,Uno Card Game,Games,3.99,7.99,0,,0,0,0,0.0,0.0,Missing inventory record,,,
43,Maven Toys Durango 1,Durango,Downtown,4,Chutes & Ladders,Games,9.99,12.99,0,,0,0,0,0,0,Missing inventory record,,,
43,Maven Toys Durango 1,Durango,Downtown,5,Classic Dominoes,Games,7.99,9.99,0,,0,0,0,0,0,Missing inventory record,,,
43,Maven Toys Durango 1,Durango,Downtown,20,Mini Basketball Hoop,Sports & Outdoors,8.99,24.99,0,,0,0,0,0,0,Missing inventory record,,,
43,Maven Toys Durango 1,Durango,Downtown,22,Monopoly,Games,13.99,19.99,0,,0,0,0,0,0,Missing inventory record,,,
43,Maven Toys Durango 1,Durango,Downtown,35,Uno Card Game,Games,3.99,7.99,0,,0,0,0,0,0,Missing inventory record,,,
44,Maven Toys Puebla 3,Puebla,Residential,4,Chutes & Ladders,Games,9.99,12.99,0,,0,0,0,0,0,Missing inventory record,,,
44,Maven Toys Puebla 3,Puebla,Residential,9,Dino Egg,Toys,9.99,10.99,0,,0,0,0,0,0,Missing inventory record,,,
44,Maven Toys Puebla 3,Puebla,Residential,12,Foam Disk Launcher,Sports & Outdoors,8.99,11.99,0,,0,0,0,0,0,Missing inventory record,,,
44,Maven Toys Puebla 3,Puebla,Residential,13,Gamer Headphones,Electronics,14.99,20.99,0,,0,0,0,0,0,Missing inventory record,,,
44,Maven Toys Puebla 3,Puebla,Residential,19,Magic Sand,Art & Crafts,13.99,15.99,0,,0,0,0,0,0,Missing inventory record,,,
44,Maven Toys Puebla 3,Puebla,Residential,20,Mini Basketball Hoop,Sports & Outdoors,8.99,24.99,0,,0,0,0,0,0,Missing inventory record,,,
44,Maven Toys Puebla 3,Puebla,Residential,21,Mini Ping Pong Set,Sports & Outdoors,6.99,9.99,0,,0,0,0,0,0,Missing inventory record,,,
44,Maven Toys Puebla 3,Puebla,Residential,22,Monopoly,Games,13.99,19.99,0,,0,0,0,0,0,Missing inventory record,,,
44,Maven Toys Puebla 3,Puebla,Residential,23,Mr. Potatohead,Toys,4.99,9.99,0,,0,0,0,0.0,0.0,Missing inventory record,,,
44,Maven Toys Puebla 3,Puebla,Residential,26,PlayDoh Playset,Art & Crafts,20.99,24.99,0,,0,0,0,0,0,Missing inventory record,,,
44,Maven Toys Puebla 3,Puebla,Residential,28,Playfoam,Art & Crafts,3.99,10.99,0,,0,0,0,0,0,Missing inventory record,,,
44,Maven Toys Puebla 3,Puebla,Residential,29,Plush Pony,Toys,8.99,19.99,0,,0,0,0,0.0,0.0,Missing inventory record,,,
44,Maven Toys Puebla 3,Puebla,Residential,35,Uno Card Game,Games,3.99,7.99,0,,0,0,0,0,0,Missing inventory record,,,
45,Maven Toys Ciudad de Mexico 4,Cuidad de Mexico,Commercial,4,Chutes & Ladders,Games,9.99,12.99,0,,0,0,0,0,0,Missing inventory record,,,
45,Maven Toys Ciudad de Mexico 4,Cuidad de Mexico,Commercial,5,Classic Dominoes,Games,7.99,9.99,0,,0,0,0,0,0,Missing inventory record,,,
45,Maven Toys Ciudad de Mexico 4,Cuidad de Mexico,Commercial,20,Mini Basketball Hoop,Sports & Outdoors,8.99,24.99,0,,0,0,0,0,0,Missing inventory record,,,
45,Maven Toys Ciudad de Mexico 4,Cuidad de Mexico,Commercial,22,Monopoly,Games,13.99,19.99,0,,0,0,0,0,0,Missing inventory record,,,
45,Maven Toys Ciudad de Mexico 4,Cuidad de Mexico,Commercial,35,Uno Card Game,Games,3.99,7.99,0,,0,0,0,0,0,Missing inventory record,,,
46,Maven Toys Guadalajara 4,Guadalajara,Downtown,4,Chutes & Ladders,Games,9.99,12.99,0,,0,0,0,0,0,Missing inventory record,,,
46,Maven Toys Guadalajara 4,Guadalajara,Downtown,5,Classic Dominoes,Games,7.99,9.99,0,,0,0,0,0,0,Missing inventory record,,,
46,Maven Toys Guadalajara 4,Guadalajara,Downtown,20,Mini Basketball Hoop,Sports & Outdoors,8.99,24.99,0,,0,0,0,0,0,Missing inventory record,,,
46,Maven Toys Guadalajara 4,Guadalajara,Downtown,22,Monopoly,Games,13.99,19.99,0,,0,0,0,0,0,Missing inventory record,,,
46,Maven Toys Guadalajara 4,Guadalajara,Downtown,35,Uno Card Game,Games,3.99,7.99,0,,0,0,0,0,0,Missing inventory record,,,
47,Maven Toys Monterrey 4,Monterrey,Commercial,4,Chutes & Ladders,Games,9.99,12.99,0,,0,0,0,0.0,0.0,Missing inventory record,,,
47,Maven Toys Monterrey 4,Monterrey,Commercial,5,Classic Dominoes,Games,7.99,9.99,0,,0,0,0,0,0,Missing inventory record,,,
47,Maven Toys Monterrey 4,Monterrey,Commercial,20,Mini Basketball Hoop,Sports & Outdoors,8.99,24.99,0,,0,0,0,0.0,0.0,Missing inventory record,,,
47,Maven Toys Monterrey 4,Monterrey,Commercial,22,Monopoly,Games,13.99,19.99,0,,0,0,0,0,0,Missing inventory record,,,
47,Maven Toys Monterrey 4,Monterrey,Commercial,35,Uno Card Game,Games,3.99,7.99,0,,0,0,0,0,0,Missing inventory record,,,
31,Maven Toys Ciudad de Mexico 2,Cuidad de Mexico,Airport,18,Lego Bricks,Toys,34.99,39.99,1,2,106,244,434,17355.66,2170.0,Critical cover under 7 days,0.4,69.98,79.98
30,Maven Toys Guadalajara 3,Guadalajara,Airport,18,Lego Bricks,Toys,34.99,39.99,1,9,98,189,337,13476.63,1685.0,Critical cover under 7 days,2.4,314.91,359.91
14,Maven Toys Guanajuato 1,Guanajuato,Downtown,18,Lego Bricks,Toys,34.99,39.99,1,7,108,197,312,12476.88,1560.0,Critical cover under 7 days,2.0,244.93,279.93
41,Maven Toys Hermosillo 2,Hermosillo,Downtown,18,Lego Bricks,Toys,34.99,39.99,1,9,123,189,270,10797.3,1350.0,Critical cover under 7 days,3.0,314.91,359.91
33,Maven Toys Monterrey 3,Monterrey,Airport,18,Lego Bricks,Toys,34.99,39.99,1,15,88,151,260,10397.4,1300.0,Critical cover under 7 days,5.2,524.85,599.85
47,Maven Toys Monterrey 4,Monterrey,Commercial,18,Lego Bricks,Toys,34.99,39.99,1,12,47,138,250,9997.5,1250.0,Critical cover under 7 days,4.3,419.88,479.88
9,Maven Toys Ciudad de Mexico 1,Cuidad de Mexico,Downtown,18,Lego Bricks,Toys,34.99,39.99,1,8,80,175,248,9917.52,1240.0,Critical cover under 7 days,2.9,279.92,319.92
37,Maven Toys Ciudad de Mexico 3,Cuidad de Mexico,Residential,18,Lego Bricks,Toys,34.99,39.99,1,6,25,101,229,9157.71,1145.0,Critical cover under 7 days,2.4,209.94,239.94
34,Maven Toys Villahermosa 1,Villahermosa,Downtown,18,Lego Bricks,Toys,34.99,39.99,1,12,113,155,205,8197.95,1025.0,Critical cover under 7 days,5.3,419.88,479.88
20,Maven Toys Zacatecas 1,Zacatecas,Downtown,19,Magic Sand,Art & Crafts,13.99,15.99,1,2,298,377,500,7995.0,1000.0,Critical cover under 7 days,0.4,27.98,31.98
39,Maven Toys Xalapa 2,Xalapa,Downtown,19,Magic Sand,Art & Crafts,13.99,15.99,1,9,101,192,430,6875.7,860.0,Critical cover under 7 days,1.9,125.91,143.91
29,Maven Toys Xalapa 1,Xalapa,Commercial,19,Magic Sand,Art & Crafts,13.99,15.99,1,12,81,214,406,6491.94,812.0,Critical cover under 7 days,2.7,167.88,191.88
7,Maven Toys Monterrey 2,Monterrey,Downtown,19,Magic Sand,Art & Crafts,13.99,15.99,1,24,164,290,398,6364.02,796.0,Critical cover under 7 days,5.4,335.76,383.76
4,Maven Toys Saltillo 1,Saltillo,Downtown,19,Magic Sand,Art & Crafts,13.99,15.99,1,2,123,254,391,6252.09,782.0,Critical cover under 7 days,0.5,27.98,31.98
19,Maven Toys Puebla 1,Puebla,Commercial,6,Colorbuds,Electronics,6.99,14.99,1,11,71,222,413,6190.87,3304.0,Critical cover under 7 days,2.4,76.89,164.89
30,Maven Toys Guadalajara 3,Guadalajara,Airport,30,Rubik's Cube,Games,17.99,19.99,1,21,47,184,307,6136.93,614.0,Critical cover under 7 days,6.2,377.79,419.79
30,Maven Toys Guadalajara 3,Guadalajara,Airport,6,Colorbuds,Electronics,6.99,14.99,1,18,150,274,395,5921.05,3160.0,Critical cover under 7 days,4.1,125.82,269.82
38,Maven Toys Chihuahua 2,Chihuahua,Downtown,19,Magic Sand,Art & Crafts,13.99,15.99,1,7,69,159,369,5900.31,738.0,Critical cover under 7 days,1.7,97.93,111.93
20,Maven Toys Zacatecas 1,Zacatecas,Downtown,18,Lego Bricks,Toys,34.99,39.99,1,8,26,92,142,5678.58,710.0,Critical cover under 7 days,5.1,279.92,319.92
42,Maven Toys Hermosillo 3,Hermosillo,Commercial,6,Colorbuds,Electronics,6.99,14.99,1,29,50,190,373,5591.27,2984.0,Critical cover under 7 days,7.0,202.71,434.71
43,Maven Toys Durango 1,Durango,Downtown,19,Magic Sand,Art & Crafts,13.99,15.99,1,17,147,175,346,5532.54,692.0,Critical cover under 7 days,4.4,237.83,271.83
10,Maven Toys Campeche 1,Campeche,Downtown,21,Mini Ping Pong Set,Sports & Outdoors,6.99,9.99,1,16,159,383,548,5474.52,1644.0,Critical cover under 7 days,2.6,111.84,159.84
1,Maven Toys Guadalajara 1,Guadalajara,Residential,19,Magic Sand,Art & Crafts,13.99,15.99,1,25,114,207,331,5292.69,662.0,Critical cover under 7 days,6.8,349.75,399.75
40,Maven Toys Toluca 2,Toluca,Commercial,19,Magic Sand,Art & Crafts,13.99,15.99,1,23,119,204,325,5196.75,650.0,Critical cover under 7 days,6.4,321.77,367.77
22,Maven Toys Guanajuato 2,Guanajuato,Commercial,6,Colorbuds,Electronics,6.99,14.99,1,8,116,227,345,5171.55,2760.0,Critical cover under 7 days,2.1,55.92,119.92
7,Maven Toys Monterrey 2,Monterrey,Downtown,6,Colorbuds,Electronics,6.99,14.99,1,10,173,283,342,5126.58,2736.0,Critical cover under 7 days,2.6,69.9,149.9
22,Maven Toys Guanajuato 2,Guanajuato,Commercial,19,Magic Sand,Art & Crafts,13.99,15.99,1,17,124,209,318,5084.82,636.0,Critical cover under 7 days,4.8,237.83,271.83
30,Maven Toys Guadalajara 3,Guadalajara,Airport,19,Magic Sand,Art & Crafts,13.99,15.99,1,19,147,219,314,5020.86,628.0,Critical cover under 7 days,5.4,265.81,303.81
5,Maven Toys La Paz 1,La Paz,Downtown,18,Lego Bricks,Toys,34.99,39.99,1,9,20,47,124,4958.76,620.0,Critical cover under 7 days,6.5,314.91,359.91
44,Maven Toys Puebla 3,Puebla,Residential,6,Colorbuds,Electronics,6.99,14.99,1,2,71,198,314,4706.86,2512.0,Critical cover under 7 days,0.6,13.98,29.98
13,Maven Toys Mexicali 2,Mexicali,Downtown,6,Colorbuds,Electronics,6.99,14.99,1,14,79,196,310,4646.9,2480.0,Critical cover under 7 days,4.1,97.86,209.86
33,Maven Toys Monterrey 3,Monterrey,Airport,14,Glass Marbles,Games,5.99,10.99,1,11,38,143,420,4615.8,2100.0,Critical cover under 7 days,2.4,65.89,120.89
34,Maven Toys Villahermosa 1,Villahermosa,Downtown,19,Magic Sand,Art & Crafts,13.99,15.99,1,14,98,141,283,4525.17,566.0,Critical cover under 7 days,4.5,195.86,223.86
17,Maven Toys Toluca 1,Toluca,Downtown,31,Splash Balls,Sports & Outdoors,7.99,8.99,1,20,77,199,486,4369.14,486.0,Critical cover under 7 days,3.7,159.8,179.8
21,Maven Toys Santiago 1,Santiago,Downtown,18,Lego Bricks,Toys,34.99,39.99,1,6,84,87,105,4198.95,525.0,Critical cover under 7 days,5.1,209.94,239.94
14,Maven Toys Guanajuato 1,Guanajuato,Downtown,30,Rubik's Cube,Games,17.99,19.99,1,10,90,150,210,4197.9,420.0,Critical cover under 7 days,4.3,179.9,199.9
38,Maven Toys Chihuahua 2,Chihuahua,Downtown,9,Dino Egg,Toys,9.99,10.99,1,6,76,203,347,3813.53,347.0,Critical cover under 7 days,1.6,59.94,65.94
8,Maven Toys Pachuca 1,Pachuca,Downtown,19,Magic Sand,Art & Crafts,13.99,15.99,1,11,56,166,237,3789.63,474.0,Critical cover under 7 days,4.2,153.89,175.89
8,Maven Toys Pachuca 1,Pachuca,Downtown,30,Rubik's Cube,Games,17.99,19.99,1,13,43,115,189,3778.11,378.0,Critical cover under 7 days,6.2,233.87,259.87
49,Maven Toys Culiacan 1,Culiacan,Downtown,9,Dino Egg,Toys,9.99,10.99,1,25,62,117,343,3769.57,343.0,Critical cover under 7 days,6.6,249.75,274.75
37,Maven Toys Ciudad de Mexico 3,Cuidad de Mexico,Residential,17,Kids Makeup Kit,Art & Crafts,13.99,19.99,1,7,69,113,186,3718.14,1116.0,Critical cover under 7 days,3.4,97.93,139.93
48,Maven Toys Saltillo 2,Saltillo,Commercial,6,Colorbuds,Electronics,6.99,14.99,1,6,86,139,248,3717.52,1984.0,Critical cover under 7 days,2.2,41.94,89.94
33,Maven Toys Monterrey 3,Monterrey,Airport,31,Splash Balls,Sports & Outdoors,7.99,8.99,1,7,94,138,407,3658.93,407.0,Critical cover under 7 days,1.5,55.93,62.93
47,Maven Toys Monterrey 4,Monterrey,Commercial,2,Animal Figures,Toys,9.99,12.99,1,15,138,241,279,3624.21,837.0,Critical cover under 7 days,4.8,149.85,194.85
7,Maven Toys Monterrey 2,Monterrey,Downtown,2,Animal Figures,Toys,9.99,12.99,1,7,66,155,276,3585.24,828.0,Critical cover under 7 days,2.3,69.93,90.93
26,Maven Toys Campeche 2,Campeche,Commercial,21,Mini Ping Pong Set,Sports & Outdoors,6.99,9.99,1,26,116,206,336,3356.64,1008.0,Critical cover under 7 days,7.0,181.74,259.74
27,Maven Toys Oaxaca 1,Oaxaca,Downtown,9,Dino Egg,Toys,9.99,10.99,1,6,86,208,304,3340.96,304.0,Critical cover under 7 days,1.8,59.94,65.94
29,Maven Toys Xalapa 1,Xalapa,Commercial,13,Gamer Headphones,Electronics,14.99,20.99,1,5,74,139,159,3337.41,954.0,Critical cover under 7 days,2.8,74.95,104.95
41,Maven Toys Hermosillo 2,Hermosillo,Downtown,13,Gamer Headphones,Electronics,14.99,20.99,1,6,28,91,159,3337.41,954.0,Critical cover under 7 days,3.4,89.94,125.94
45,Maven Toys Ciudad de Mexico 4,Cuidad de Mexico,Commercial,6,Colorbuds,Electronics,6.99,14.99,1,8,16,107,222,3327.78,1776.0,Critical cover under 7 days,3.2,55.92,119.92
25,Maven Toys Ciudad Victoria 1,Ciudad Victoria,Downtown,6,Colorbuds,Electronics,6.99,14.99,1,3,53,146,220,3297.8,1760.0,Critical cover under 7 days,1.2,20.97,44.97
17,Maven Toys Toluca 1,Toluca,Downtown,2,Animal Figures,Toys,9.99,12.99,1,15,68,146,253,3286.47,759.0,Critical cover under 7 days,5.3,149.85,194.85
37,Maven Toys Ciudad de Mexico 3,Cuidad de Mexico,Residential,2,Animal Figures,Toys,9.99,12.99,1,3,65,135,242,3143.58,726.0,Critical cover under 7 days,1.1,29.97,38.97
25,Maven Toys Ciudad Victoria 1,Ciudad Victoria,Downtown,9,Dino Egg,Toys,9.99,10.99,1,9,74,161,286,3143.14,286.0,Critical cover under 7 days,2.8,89.91,98.91
9,Maven Toys Ciudad de Mexico 1,Cuidad de Mexico,Downtown,31,Splash Balls,Sports & Outdoors,7.99,8.99,1,6,69,127,347,3119.53,347.0,Critical cover under 7 days,1.6,47.94,53.94
14,Maven Toys Guanajuato 1,Guanajuato,Downtown,2,Animal Figures,Toys,9.99,12.99,1,5,69,116,239,3104.61,717.0,Critical cover under 7 days,1.9,49.95,64.95
37,Maven Toys Ciudad de Mexico 3,Cuidad de Mexico,Residential,9,Dino Egg,Toys,9.99,10.99,1,10,86,130,271,2978.29,271.0,Critical cover under 7 days,3.3,99.9,109.9
31,Maven Toys Ciudad de Mexico 2,Cuidad de Mexico,Airport,11,Etch A Sketch,Art & Crafts,10.99,20.99,1,8,0,15,140,2938.6,1400.0,Critical cover under 7 days,5.1,87.92,167.92
39,Maven Toys Xalapa 2,Xalapa,Downtown,31,Splash Balls,Sports & Outdoors,7.99,8.99,1,15,55,175,318,2858.82,318.0,Critical cover under 7 days,4.2,119.85,134.85
14,Maven Toys Guanajuato 1,Guanajuato,Downtown,11,Etch A Sketch,Art & Crafts,10.99,20.99,1,10,39,60,135,2833.65,1350.0,Critical cover under 7 days,6.7,109.9,209.9
47,Maven Toys Monterrey 4,Monterrey,Commercial,17,Kids Makeup Kit,Art & Crafts,13.99,19.99,1,8,15,63,134,2678.66,804.0,Critical cover under 7 days,5.4,111.92,159.92
3,Maven Toys Guadalajara 2,Guadalajara,Commercial,2,Animal Figures,Toys,9.99,12.99,1,8,84,170,206,2675.94,618.0,Critical cover under 7 days,3.5,79.92,103.92
36,Maven Toys Morelia 1,Morelia,Downtown,24,Nerf Gun,Sports & Outdoors,14.99,19.99,1,9,77,104,132,2638.68,660.0,Critical cover under 7 days,6.1,134.91,179.91
10,Maven Toys Campeche 1,Campeche,Downtown,9,Dino Egg,Toys,9.99,10.99,1,10,31,162,240,2637.6,240.0,Critical cover under 7 days,3.8,99.9,109.9
11,Maven Toys Cuernavaca 1,Cuernavaca,Downtown,9,Dino Egg,Toys,9.99,10.99,1,13,57,92,240,2637.6,240.0,Critical cover under 7 days,4.9,129.87,142.87
14,Maven Toys Guanajuato 1,Guanajuato,Downtown,9,Dino Egg,Toys,9.99,10.99,1,10,100,168,239,2626.61,239.0,Critical cover under 7 days,3.8,99.9,109.9
46,Maven Toys Guadalajara 4,Guadalajara,Downtown,24,Nerf Gun,Sports & Outdoors,14.99,19.99,1,10,83,118,131,2618.69,655.0,Critical cover under 7 days,6.9,149.9,199.9
46,Maven Toys Guadalajara 4,Guadalajara,Downtown,30,Rubik's Cube,Games,17.99,19.99,1,9,10,80,129,2578.71,258.0,Critical cover under 7 days,6.3,161.91,179.91
13,Maven Toys Mexicali 2,Mexicali,Downtown,34,Toy Robot,Electronics,20.99,25.99,1,3,35,70,99,2573.01,495.0,Critical cover under 7 days,2.7,62.97,77.97
38,Maven Toys Chihuahua 2,Chihuahua,Downtown,30,Rubik's Cube,Games,17.99,19.99,1,7,25,48,128,2558.72,256.0,Critical cover under 7 days,4.9,125.93,139.93
31,Maven Toys Ciudad de Mexico 2,Cuidad de Mexico,Airport,3,Barrel O' Slime,Art & Crafts,1.99,3.99,1,36,135,267,628,2505.72,1256.0,Critical cover under 7 days,5.2,71.64,143.64
3,Maven Toys Guadalajara 2,Guadalajara,Commercial,9,Dino Egg,Toys,9.99,10.99,1,4,66,137,226,2483.74,226.0,Critical cover under 7 days,1.6,39.96,43.96
42,Maven Toys Hermosillo 3,Hermosillo,Commercial,30,Rubik's Cube,Games,17.99,19.99,1,9,26,56,123,2458.77,246.0,Critical cover under 7 days,6.6,161.91,179.91
27,Maven Toys Oaxaca 1,Oaxaca,Downtown,28,Playfoam,Art & Crafts,3.99,10.99,1,8,96,223,223,2450.77,1561.0,Critical cover under 7 days,3.2,31.92,87.92
7,Maven Toys Monterrey 2,Monterrey,Downtown,7,Dart Gun,Sports & Outdoors,11.99,15.99,1,1,71,105,153,2446.47,612.0,Critical cover under 7 days,0.6,11.99,15.99
16,Maven Toys San Luis Potosi 1,San Luis Potosi,Downtown,9,Dino Egg,Toys,9.99,10.99,1,8,102,145,215,2362.85,215.0,Critical cover under 7 days,3.3,79.92,87.92
39,Maven Toys Xalapa 2,Xalapa,Downtown,25,PlayDoh Can,Art & Crafts,1.99,2.99,1,40,276,571,787,2353.13,787.0,Critical cover under 7 days,4.6,79.6,119.6
13,Maven Toys Mexicali 2,Mexicali,Downtown,2,Animal Figures,Toys,9.99,12.99,1,2,106,170,181,2351.19,543.0,Critical cover under 7 days,1.0,19.98,25.98
48,Maven Toys Saltillo 2,Saltillo,Commercial,28,Playfoam,Art & Crafts,3.99,10.99,1,1,137,211,211,2318.89,1477.0,Critical cover under 7 days,0.4,3.99,10.99
47,Maven Toys Monterrey 4,Monterrey,Commercial,28,Playfoam,Art & Crafts,3.99,10.99,1,4,144,208,208,2285.92,1456.0,Critical cover under 7 days,1.7,15.96,43.96
9,Maven Toys Ciudad de Mexico 1,Cuidad de Mexico,Downtown,3,Barrel O' Slime,Art & Crafts,1.99,3.99,1,10,169,365,570,2274.3,1140.0,Critical cover under 7 days,1.6,19.9,39.9
17,Maven Toys Toluca 1,Toluca,Downtown,11,Etch A Sketch,Art & Crafts,10.99,20.99,1,6,30,61,108,2266.92,1080.0,Critical cover under 7 days,5.0,65.94,125.94
30,Maven Toys Guadalajara 3,Guadalajara,Airport,11,Etch A Sketch,Art & Crafts,10.99,20.99,1,3,6,24,108,2266.92,1080.0,Critical cover under 7 days,2.5,32.97,62.97
30,Maven Toys Guadalajara 3,Guadalajara,Airport,12,Foam Disk Launcher,Sports & Outdoors,8.99,11.99,1,8,81,156,189,2266.11,567.0,Critical cover under 7 days,3.8,71.92,95.92
17,Maven Toys Toluca 1,Toluca,Downtown,3,Barrel O' Slime,Art & Crafts,1.99,3.99,1,8,315,437,566,2258.34,1132.0,Critical cover under 7 days,1.3,15.92,31.92
20,Maven Toys Zacatecas 1,Zacatecas,Downtown,9,Dino Egg,Toys,9.99,10.99,1,9,59,111,205,2252.95,205.0,Critical cover under 7 days,4.0,89.91,98.91
46,Maven Toys Guadalajara 4,Guadalajara,Downtown,2,Animal Figures,Toys,9.99,12.99,1,3,79,118,173,2247.27,519.0,Critical cover under 7 days,1.6,29.97,38.97
31,Maven Toys Ciudad de Mexico 2,Cuidad de Mexico,Airport,9,Dino Egg,Toys,9.99,10.99,1,10,63,137,203,2230.97,203.0,Critical cover under 7 days,4.4,99.9,109.9
17,Maven Toys Toluca 1,Toluca,Downtown,8,Deck Of Cards,Games,3.99,6.99,1,20,48,163,318,2222.82,954.0,Critical cover under 7 days,5.7,79.8,139.8
41,Maven Toys Hermosillo 2,Hermosillo,Downtown,24,Nerf Gun,Sports & Outdoors,14.99,19.99,1,4,81,88,111,2218.89,555.0,Critical cover under 7 days,3.2,59.96,79.96
29,Maven Toys Xalapa 1,Xalapa,Commercial,9,Dino Egg,Toys,9.99,10.99,1,6,45,90,200,2198.0,200.0,Critical cover under 7 days,2.7,59.94,65.94
33,Maven Toys Monterrey 3,Monterrey,Airport,9,Dino Egg,Toys,9.99,10.99,1,3,39,129,200,2198.0,200.0,Critical cover under 7 days,1.3,29.97,32.97
27,Maven Toys Oaxaca 1,Oaxaca,Downtown,6,Colorbuds,Electronics,6.99,14.99,1,7,37,72,146,2188.54,1168.0,Critical cover under 7 days,4.3,48.93,104.93
33,Maven Toys Monterrey 3,Monterrey,Airport,6,Colorbuds,Electronics,6.99,14.99,1,8,17,76,146,2188.54,1168.0,Critical cover under 7 days,4.9,55.92,119.92
37,Maven Toys Ciudad de Mexico 3,Cuidad de Mexico,Residential,11,Etch A Sketch,Art & Crafts,10.99,20.99,1,7,4,61,104,2182.96,1040.0,Critical cover under 7 days,6.1,76.93,146.93
7,Maven Toys Monterrey 2,Monterrey,Downtown,25,PlayDoh Can,Art & Crafts,1.99,2.99,1,10,263,468,728,2176.72,728.0,Critical cover under 7 days,1.2,19.9,29.9
40,Maven Toys Toluca 2,Toluca,Commercial,31,Splash Balls,Sports & Outdoors,7.99,8.99,1,5,30,117,242,2175.58,242.0,Critical cover under 7 days,1.9,39.95,44.95
8,Maven Toys Pachuca 1,Pachuca,Downtown,24,Nerf Gun,Sports & Outdoors,14.99,19.99,1,7,78,94,106,2118.94,530.0,Critical cover under 7 days,5.9,104.93,139.93
45,Maven Toys Ciudad de Mexico 4,Cuidad de Mexico,Commercial,34,Toy Robot,Electronics,20.99,25.99,1,3,26,65,81,2105.19,405.0,Critical cover under 7 days,3.3,62.97,77.97
17,Maven Toys Toluca 1,Toluca,Downtown,9,Dino Egg,Toys,9.99,10.99,1,7,114,161,191,2099.09,191.0,Critical cover under 7 days,3.3,69.93,76.93
40,Maven Toys Toluca 2,Toluca,Commercial,1,Action Figure,Toys,9.99,15.99,1,10,86,116,131,2094.69,786.0,Critical cover under 7 days,6.9,99.9,159.9
48,Maven Toys Saltillo 2,Saltillo,Commercial,14,Glass Marbles,Games,5.99,10.99,1,11,98,116,184,2022.16,920.0,Critical cover under 7 days,5.4,65.89,120.89
7,Maven Toys Monterrey 2,Monterrey,Downtown,17,Kids Makeup Kit,Art & Crafts,13.99,19.99,1,4,21,35,101,2018.99,606.0,Critical cover under 7 days,3.6,55.96,79.96
25,Maven Toys Ciudad Victoria 1,Ciudad Victoria,Downtown,11,Etch A Sketch,Art & Crafts,10.99,20.99,1,3,32,48,96,2015.04,960.0,Critical cover under 7 days,2.8,32.97,62.97
31,Maven Toys Ciudad de Mexico 2,Cuidad de Mexico,Airport,1,Action Figure,Toys,9.99,15.99,1,5,24,56,124,1982.76,744.0,Critical cover under 7 days,3.6,49.95,79.95
31,Maven Toys Ciudad de Mexico 2,Cuidad de Mexico,Airport,21,Mini Ping Pong Set,Sports & Outdoors,6.99,9.99,1,6,53,150,198,1978.02,594.0,Critical cover under 7 days,2.7,41.94,59.94
37,Maven Toys Ciudad de Mexico 3,Cuidad de Mexico,Residential,3,Barrel O' Slime,Art & Crafts,1.99,3.99,1,4,299,365,495,1975.05,990.0,Critical cover under 7 days,0.7,7.96,15.96
4,Maven Toys Saltillo 1,Saltillo,Downtown,8,Deck Of Cards,Games,3.99,6.99,1,15,142,191,282,1971.18,846.0,Critical cover under 7 days,4.8,59.85,104.85
20,Maven Toys Zacatecas 1,Zacatecas,Downtown,14,Glass Marbles,Games,5.99,10.99,1,6,50,103,179,1967.21,895.0,Critical cover under 7 days,3.0,35.94,65.94
25,Maven Toys Ciudad Victoria 1,Ciudad Victoria,Downtown,1,Action Figure,Toys,9.99,15.99,1,8,57,78,123,1966.77,738.0,Critical cover under 7 days,5.9,79.92,127.92
14,Maven Toys Guanajuato 1,Guanajuato,Downtown,25,PlayDoh Can,Art & Crafts,1.99,2.99,1,15,229,388,647,1934.53,647.0,Critical cover under 7 days,2.1,29.85,44.85
33,Maven Toys Monterrey 3,Monterrey,Airport,11,Etch A Sketch,Art & Crafts,10.99,20.99,1,4,23,60,92,1931.08,920.0,Critical cover under 7 days,3.9,43.96,83.96
19,Maven Toys Puebla 1,Puebla,Commercial,30,Rubik's Cube,Games,17.99,19.99,1,7,58,86,96,1919.04,192.0,Critical cover under 7 days,6.6,125.93,139.93
40,Maven Toys Toluca 2,Toluca,Commercial,9,Dino Egg,Toys,9.99,10.99,1,11,104,139,172,1890.28,172.0,Critical cover under 7 days,5.8,109.89,120.89
44,Maven Toys Puebla 3,Puebla,Residential,2,Animal Figures,Toys,9.99,12.99,1,4,15,93,144,1870.56,432.0,Critical cover under 7 days,2.5,39.96,51.96
28,Maven Toys Puebla 2,Puebla,Downtown,11,Etch A Sketch,Art & Crafts,10.99,20.99,1,4,34,57,89,1868.11,890.0,Critical cover under 7 days,4.0,43.96,83.96
39,Maven Toys Xalapa 2,Xalapa,Downtown,11,Etch A Sketch,Art & Crafts,10.99,20.99,1,2,33,69,88,1847.12,880.0,Critical cover under 7 days,2.0,21.98,41.98
47,Maven Toys Monterrey 4,Monterrey,Commercial,9,Dino Egg,Toys,9.99,10.99,1,6,57,109,168,1846.32,168.0,Critical cover under 7 days,3.2,59.94,65.94
15,Maven Toys Tuxtla Gutierrez 1,Tuxtla Gutierrez,Downtown,21,Mini Ping Pong Set,Sports & Outdoors,6.99,9.99,1,12,15,33,184,1838.16,552.0,Critical cover under 7 days,5.9,83.88,119.88
19,Maven Toys Puebla 1,Puebla,Commercial,12,Foam Disk Launcher,Sports & Outdoors,8.99,11.99,1,3,74,117,151,1810.49,453.0,Critical cover under 7 days,1.8,26.97,35.97
20,Maven Toys Zacatecas 1,Zacatecas,Downtown,2,Animal Figures,Toys,9.99,12.99,1,2,37,70,138,1792.62,414.0,Critical cover under 7 days,1.3,19.98,25.98
17,Maven Toys Toluca 1,Toluca,Downtown,28,Playfoam,Art & Crafts,3.99,10.99,1,3,102,163,163,1791.37,1141.0,Critical cover under 7 days,1.7,11.97,32.97
9,Maven Toys Ciudad de Mexico 1,Cuidad de Mexico,Downtown,21,Mini Ping Pong Set,Sports & Outdoors,6.99,9.99,1,12,69,134,179,1788.21,537.0,Critical cover under 7 days,6.0,83.88,119.88
12,Maven Toys Chetumal 1,Chetumal,Downtown,31,Splash Balls,Sports & Outdoors,7.99,8.99,1,13,68,113,198,1780.02,198.0,Critical cover under 7 days,5.9,103.87,116.87
41,Maven Toys Hermosillo 2,Hermosillo,Downtown,25,PlayDoh Can,Art & Crafts,1.99,2.99,1,19,114,329,595,1779.05,595.0,Critical cover under 7 days,2.9,37.81,56.81
50,Maven Toys Guanajuato 3,Guanajuato,Residential,9,Dino Egg,Toys,9.99,10.99,1,7,35,66,161,1769.39,161.0,Critical cover under 7 days,3.9,69.93,76.93
15,Maven Toys Tuxtla Gutierrez 1,Tuxtla Gutierrez,Downtown,31,Splash Balls,Sports & Outdoors,7.99,8.99,1,4,50,55,195,1753.05,195.0,Critical cover under 7 days,1.8,31.96,35.96
28,Maven Toys Puebla 2,Puebla,Downtown,9,Dino Egg,Toys,9.99,10.99,1,7,29,74,158,1736.42,158.0,Critical cover under 7 days,4.0,69.93,76.93
28,Maven Toys Puebla 2,Puebla,Downtown,13,Gamer Headphones,Electronics,14.99,20.99,1,2,17,66,82,1721.18,492.0,Critical cover under 7 days,2.2,29.98,41.98
32,Maven Toys Hermosillo 1,Hermosillo,Residential,11,Etch A Sketch,Art & Crafts,10.99,20.99,1,6,25,42,82,1721.18,820.0,Critical cover under 7 days,6.6,65.94,125.94
44,Maven Toys Puebla 3,Puebla,Residential,3,Barrel O' Slime,Art & Crafts,1.99,3.99,1,19,117,248,431,1719.69,862.0,Critical cover under 7 days,4.0,37.81,75.81
16,Maven Toys San Luis Potosi 1,San Luis Potosi,Downtown,31,Splash Balls,Sports & Outdoors,7.99,8.99,1,14,25,76,189,1699.11,189.0,Critical cover under 7 days,6.7,111.86,125.86
2,Maven Toys Monterrey 1,Monterrey,Residential,3,Barrel O' Slime,Art & Crafts,1.99,3.99,1,18,183,300,425,1695.75,850.0,Critical cover under 7 days,3.8,35.82,71.82
20,Maven Toys Zacatecas 1,Zacatecas,Downtown,6,Colorbuds,Electronics,6.99,14.99,1,4,2,24,110,1648.9,880.0,Critical cover under 7 days,3.3,27.96,59.96
18,Maven Toys Merida 1,Merida,Downtown,31,Splash Balls,Sports & Outdoors,7.99,8.99,1,4,27,60,179,1609.21,179.0,Critical cover under 7 days,2.0,31.96,35.96
11,Maven Toys Cuernavaca 1,Cuernavaca,Downtown,3,Barrel O' Slime,Art & Crafts,1.99,3.99,1,18,149,256,402,1603.98,804.0,Critical cover under 7 days,4.0,35.82,71.82
49,Maven Toys Culiacan 1,Culiacan,Downtown,30,Rubik's Cube,Games,17.99,19.99,1,3,46,63,80,1599.2,160.0,Critical cover under 7 days,3.4,53.97,59.97
28,Maven Toys Puebla 2,Puebla,Downtown,10,Dinosaur Figures,Toys,10.99,14.99,1,8,22,71,106,1588.94,424.0,Critical cover under 7 days,6.8,87.92,119.92
22,Maven Toys Guanajuato 2,Guanajuato,Commercial,25,PlayDoh Can,Art & Crafts,1.99,2.99,1,6,150,350,531,1587.69,531.0,Critical cover under 7 days,1.0,11.94,17.94
4,Maven Toys Saltillo 1,Saltillo,Downtown,25,PlayDoh Can,Art & Crafts,1.99,2.99,1,18,189,331,529,1581.71,529.0,Critical cover under 7 days,3.1,35.82,53.82
19,Maven Toys Puebla 1,Puebla,Commercial,1,Action Figure,Toys,9.99,15.99,1,5,3,64,98,1567.02,588.0,Critical cover under 7 days,4.6,49.95,79.95
49,Maven Toys Culiacan 1,Culiacan,Downtown,25,PlayDoh Can,Art & Crafts,1.99,2.99,1,23,141,360,520,1554.8,520.0,Critical cover under 7 days,4.0,45.77,68.77
34,Maven Toys Villahermosa 1,Villahermosa,Downtown,1,Action Figure,Toys,9.99,15.99,1,5,30,45,96,1535.04,576.0,Critical cover under 7 days,4.7,49.95,79.95
39,Maven Toys Xalapa 2,Xalapa,Downtown,3,Barrel O' Slime,Art & Crafts,1.99,3.99,1,13,122,219,381,1520.19,762.0,Critical cover under 7 days,3.1,25.87,51.87
46,Maven Toys Guadalajara 4,Guadalajara,Downtown,3,Barrel O' Slime,Art & Crafts,1.99,3.99,1,24,116,220,381,1520.19,762.0,Critical cover under 7 days,5.7,47.76,95.76
29,Maven Toys Xalapa 1,Xalapa,Commercial,21,Mini Ping Pong Set,Sports & Outdoors,6.99,9.99,1,10,96,120,151,1508.49,453.0,Critical cover under 7 days,6.0,69.9,99.9
10,Maven Toys Campeche 1,Campeche,Downtown,1,Action Figure,Toys,9.99,15.99,1,5,11,65,94,1503.06,564.0,Critical cover under 7 days,4.8,49.95,79.95
41,Maven Toys Hermosillo 2,Hermosillo,Downtown,17,Kids Makeup Kit,Art & Crafts,13.99,19.99,1,3,27,55,75,1499.25,450.0,Critical cover under 7 days,3.6,41.97,59.97
14,Maven Toys Guanajuato 1,Guanajuato,Downtown,14,Glass Marbles,Games,5.99,10.99,1,4,28,64,135,1483.65,675.0,Critical cover under 7 days,2.7,23.96,43.96
2,Maven Toys Monterrey 1,Monterrey,Residential,6,Colorbuds,Electronics,6.99,14.99,1,6,44,84,97,1454.03,776.0,Critical cover under 7 days,5.6,41.94,89.94
7,Maven Toys Monterrey 2,Monterrey,Downtown,3,Barrel O' Slime,Art & Crafts,1.99,3.99,1,10,177,276,364,1452.36,728.0,Critical cover under 7 days,2.5,19.9,39.9
19,Maven Toys Puebla 1,Puebla,Commercial,31,Splash Balls,Sports & Outdoors,7.99,8.99,1,4,38,128,157,1411.43,157.0,Critical cover under 7 days,2.3,31.96,35.96
8,Maven Toys Pachuca 1,Pachuca,Downtown,17,Kids Makeup Kit,Art & Crafts,13.99,19.99,1,5,26,39,70,1399.3,420.0,Critical cover under 7 days,6.4,69.95,99.95
29,Maven Toys Xalapa 1,Xalapa,Commercial,1,Action Figure,Toys,9.99,15.99,1,2,26,65,87,1391.13,522.0,Critical cover under 7 days,2.1,19.98,31.98
21,Maven Toys Santiago 1,Santiago,Downtown,8,Deck Of Cards,Games,3.99,6.99,1,11,39,129,198,1384.02,594.0,Critical cover under 7 days,5.0,43.89,76.89
33,Maven Toys Monterrey 3,Monterrey,Airport,17,Kids Makeup Kit,Art & Crafts,13.99,19.99,1,2,22,38,68,1359.32,408.0,Critical cover under 7 days,2.6,27.98,39.98
18,Maven Toys Merida 1,Merida,Downtown,1,Action Figure,Toys,9.99,15.99,1,1,48,60,85,1359.15,510.0,Critical cover under 7 days,1.1,9.99,15.99
3,Maven Toys Guadalajara 2,Guadalajara,Commercial,14,Glass Marbles,Games,5.99,10.99,1,4,9,45,123,1351.77,615.0,Critical cover under 7 days,2.9,23.96,43.96
47,Maven Toys Monterrey 4,Monterrey,Commercial,34,Toy Robot,Electronics,20.99,25.99,1,3,13,29,52,1351.48,260.0,Critical cover under 7 days,5.2,62.97,77.97
29,Maven Toys Xalapa 1,Xalapa,Commercial,8,Deck Of Cards,Games,3.99,6.99,1,10,41,127,193,1349.07,579.0,Critical cover under 7 days,4.7,39.9,69.9
7,Maven Toys Monterrey 2,Monterrey,Downtown,14,Glass Marbles,Games,5.99,10.99,1,3,47,68,121,1329.79,605.0,Critical cover under 7 days,2.2,17.97,32.97
19,Maven Toys Puebla 1,Puebla,Commercial,9,Dino Egg,Toys,9.99,10.99,1,8,30,61,121,1329.79,121.0,Critical cover under 7 days,6.0,79.92,87.92
28,Maven Toys Puebla 2,Puebla,Downtown,28,Playfoam,Art & Crafts,3.99,10.99,1,3,48,120,120,1318.8,840.0,Critical cover under 7 days,2.3,11.97,32.97
27,Maven Toys Oaxaca 1,Oaxaca,Downtown,8,Deck Of Cards,Games,3.99,6.99,1,12,61,93,188,1314.12,564.0,Critical cover under 7 days,5.7,47.88,83.88
4,Maven Toys Saltillo 1,Saltillo,Downtown,13,Gamer Headphones,Electronics,14.99,20.99,1,4,22,37,62,1301.38,372.0,Critical cover under 7 days,5.8,59.96,83.96
34,Maven Toys Villahermosa 1,Villahermosa,Downtown,13,Gamer Headphones,Electronics,14.99,20.99,1,3,0,14,62,1301.38,372.0,Critical cover under 7 days,4.4,44.97,62.97
43,Maven Toys Durango 1,Durango,Downtown,11,Etch A Sketch,Art & Crafts,10.99,20.99,1,3,16,38,62,1301.38,620.0,Critical cover under 7 days,4.4,32.97,62.97
24,Maven Toys Aguascalientes 1,Aguascalientes,Downtown,24,Nerf Gun,Sports & Outdoors,14.99,19.99,1,4,43,64,65,1299.35,325.0,Critical cover under 7 days,5.5,59.96,79.96
23,Maven Toys Chihuahua 1,Chihuahua,Commercial,33,Teddy Bear,Toys,10.99,12.99,1,6,73,96,100,1299.0,200.0,Critical cover under 7 days,5.4,65.94,77.94
13,Maven Toys Mexicali 2,Mexicali,Downtown,3,Barrel O' Slime,Art & Crafts,1.99,3.99,1,3,122,225,320,1276.8,640.0,Critical cover under 7 days,0.8,5.97,11.97
23,Maven Toys Chihuahua 1,Chihuahua,Commercial,1,Action Figure,Toys,9.99,15.99,1,4,65,74,79,1263.21,474.0,Critical cover under 7 days,4.6,39.96,63.96
35,Maven Toys Chilpancingo 1,Chilpancingo,Downtown,25,PlayDoh Can,Art & Crafts,1.99,2.99,1,14,60,257,421,1258.79,421.0,Critical cover under 7 days,3.0,27.86,41.86
49,Maven Toys Culiacan 1,Culiacan,Downtown,34,Toy Robot,Electronics,20.99,25.99,1,2,13,13,48,1247.52,240.0,Critical cover under 7 days,3.8,41.98,51.98
35,Maven Toys Chilpancingo 1,Chilpancingo,Downtown,9,Dino Egg,Toys,9.99,10.99,1,4,39,75,113,1241.87,113.0,Critical cover under 7 days,3.2,39.96,43.96
14,Maven Toys Guanajuato 1,Guanajuato,Downtown,3,Barrel O' Slime,Art & Crafts,1.99,3.99,1,22,93,190,311,1240.89,622.0,Critical cover under 7 days,6.4,43.78,87.78
21,Maven Toys Santiago 1,Santiago,Downtown,17,Kids Makeup Kit,Art & Crafts,13.99,19.99,1,4,37,51,62,1239.38,372.0,Critical cover under 7 days,5.8,55.96,79.96
32,Maven Toys Hermosillo 1,Hermosillo,Residential,25,PlayDoh Can,Art & Crafts,1.99,2.99,1,20,138,237,414,1237.86,414.0,Critical cover under 7 days,4.3,39.8,59.8
48,Maven Toys Saltillo 2,Saltillo,Commercial,25,PlayDoh Can,Art & Crafts,1.99,2.99,1,23,252,332,414,1237.86,414.0,Critical cover under 7 days,5.0,45.77,68.77
44,Maven Toys Puebla 3,Puebla,Residential,31,Splash Balls,Sports & Outdoors,7.99,8.99,1,8,30,73,137,1231.63,137.0,Critical cover under 7 days,5.3,63.92,71.92
7,Maven Toys Monterrey 2,Monterrey,Downtown,15,Hot Wheels 5-Pack,Toys,3.99,5.99,1,3,68,116,204,1221.96,408.0,Critical cover under 7 days,1.3,11.97,17.97
16,Maven Toys San Luis Potosi 1,San Luis Potosi,Downtown,34,Toy Robot,Electronics,20.99,25.99,1,2,28,28,47,1221.53,235.0,Critical cover under 7 days,3.8,41.98,51.98
19,Maven Toys Puebla 1,Puebla,Commercial,3,Barrel O' Slime,Art & Crafts,1.99,3.99,1,7,55,192,306,1220.94,612.0,Critical cover under 7 days,2.1,13.93,27.93
2,Maven Toys Monterrey 1,Monterrey,Residential,13,Gamer Headphones,Electronics,14.99,20.99,1,3,24,47,58,1217.42,348.0,Critical cover under 7 days,4.7,44.97,62.97
50,Maven Toys Guanajuato 3,Guanajuato,Residential,3,Barrel O' Slime,Art & Crafts,1.99,3.99,1,22,66,175,303,1208.97,606.0,Critical cover under 7 days,6.5,43.78,87.78
49,Maven Toys Culiacan 1,Culiacan,Downtown,3,Barrel O' Slime,Art & Crafts,1.99,3.99,1,14,80,134,302,1204.98,604.0,Critical cover under 7 days,4.2,27.86,55.86
6,Maven Toys Mexicali 1,Mexicali,Commercial,13,Gamer Headphones,Electronics,14.99,20.99,1,2,21,36,57,1196.43,342.0,Critical cover under 7 days,3.2,29.98,41.98
28,Maven Toys Puebla 2,Puebla,Downtown,25,PlayDoh Can,Art & Crafts,1.99,2.99,1,10,125,254,396,1184.04,396.0,Critical cover under 7 days,2.3,19.9,29.9
7,Maven Toys Monterrey 2,Monterrey,Downtown,34,Toy Robot,Electronics,20.99,25.99,1,2,13,26,45,1169.55,225.0,Critical cover under 7 days,4.0,41.98,51.98
6,Maven Toys Mexicali 1,Mexicali,Commercial,3,Barrel O' Slime,Art & Crafts,1.99,3.99,1,20,48,160,291,1161.09,582.0,Critical cover under 7 days,6.2,39.8,79.8
26,Maven Toys Campeche 2,Campeche,Commercial,11,Etch A Sketch,Art & Crafts,10.99,20.99,1,2,30,30,54,1133.46,540.0,Critical cover under 7 days,3.3,21.98,41.98
33,Maven Toys Monterrey 3,Monterrey,Airport,28,Playfoam,Art & Crafts,3.99,10.99,1,5,76,103,103,1131.97,721.0,Critical cover under 7 days,4.4,19.95,54.95
45,Maven Toys Ciudad de Mexico 4,Cuidad de Mexico,Commercial,17,Kids Makeup Kit,Art & Crafts,13.99,19.99,1,4,12,12,56,1119.44,336.0,Critical cover under 7 days,6.4,55.96,79.96
15,Maven Toys Tuxtla Gutierrez 1,Tuxtla Gutierrez,Downtown,2,Animal Figures,Toys,9.99,12.99,1,5,23,40,86,1117.14,258.0,Critical cover under 7 days,5.2,49.95,64.95
41,Maven Toys Hermosillo 2,Hermosillo,Downtown,26,PlayDoh Playset,Art & Crafts,20.99,24.99,1,2,26,33,44,1099.56,176.0,Critical cover under 7 days,4.1,41.98,49.98
32,Maven Toys Hermosillo 1,Hermosillo,Residential,9,Dino Egg,Toys,9.99,10.99,1,3,27,90,99,1088.01,99.0,Critical cover under 7 days,2.7,29.97,32.97
10,Maven Toys Campeche 1,Campeche,Downtown,31,Splash Balls,Sports & Outdoors,7.99,8.99,1,7,4,51,120,1078.8,120.0,Critical cover under 7 days,5.3,55.93,62.93
40,Maven Toys Toluca 2,Toluca,Commercial,25,PlayDoh Can,Art & Crafts,1.99,2.99,1,13,195,294,355,1061.45,355.0,Critical cover under 7 days,3.3,25.87,38.87
2,Maven Toys Monterrey 1,Monterrey,Residential,2,Animal Figures,Toys,9.99,12.99,1,6,49,70,81,1052.19,243.0,Critical cover under 7 days,6.7,59.94,77.94
30,Maven Toys Guadalajara 3,Guadalajara,Airport,3,Barrel O' Slime,Art & Crafts,1.99,3.99,1,10,59,136,263,1049.37,526.0,Critical cover under 7 days,3.4,19.9,39.9
45,Maven Toys Ciudad de Mexico 4,Cuidad de Mexico,Commercial,8,Deck Of Cards,Games,3.99,6.99,1,8,39,76,150,1048.5,450.0,Critical cover under 7 days,4.8,31.92,55.92
15,Maven Toys Tuxtla Gutierrez 1,Tuxtla Gutierrez,Downtown,3,Barrel O' Slime,Art & Crafts,1.99,3.99,1,3,133,188,256,1021.44,512.0,Critical cover under 7 days,1.1,5.97,11.97
26,Maven Toys Campeche 2,Campeche,Commercial,3,Barrel O' Slime,Art & Crafts,1.99,3.99,1,15,147,175,254,1013.46,508.0,Critical cover under 7 days,5.3,29.85,59.85
39,Maven Toys Xalapa 2,Xalapa,Downtown,9,Dino Egg,Toys,9.99,10.99,1,6,0,4,92,1011.08,92.0,Critical cover under 7 days,5.9,59.94,65.94
47,Maven Toys Monterrey 4,Monterrey,Commercial,12,Foam Disk Launcher,Sports & Outdoors,8.99,11.99,1,5,44,65,84,1007.16,252.0,Critical cover under 7 days,5.4,44.95,59.95
47,Maven Toys Monterrey 4,Monterrey,Commercial,7,Dart Gun,Sports & Outdoors,11.99,15.99,1,4,10,42,62,991.38,248.0,Critical cover under 7 days,5.8,47.96,63.96
5,Maven Toys La Paz 1,La Paz,Downtown,25,PlayDoh Can,Art & Crafts,1.99,2.99,1,9,71,173,329,983.71,329.0,Critical cover under 7 days,2.5,17.91,26.91
6,Maven Toys Mexicali 1,Mexicali,Commercial,9,Dino Egg,Toys,9.99,10.99,1,3,38,71,89,978.11,89.0,Critical cover under 7 days,3.0,29.97,32.97
9,Maven Toys Ciudad de Mexico 1,Cuidad de Mexico,Downtown,25,PlayDoh Can,Art & Crafts,1.99,2.99,1,4,77,156,327,977.73,327.0,Critical cover under 7 days,1.1,7.96,11.96
36,Maven Toys Morelia 1,Morelia,Downtown,1,Action Figure,Toys,9.99,15.99,1,2,35,61,61,975.39,366.0,Critical cover under 7 days,3.0,19.98,31.98
4,Maven Toys Saltillo 1,Saltillo,Downtown,14,Glass Marbles,Games,5.99,10.99,1,4,32,32,88,967.12,440.0,Critical cover under 7 days,4.1,23.96,43.96
4,Maven Toys Saltillo 1,Saltillo,Downtown,1,Action Figure,Toys,9.99,15.99,1,2,29,55,60,959.4,360.0,Critical cover under 7 days,3.0,19.98,31.98
17,Maven Toys Toluca 1,Toluca,Downtown,14,Glass Marbles,Games,5.99,10.99,1,4,0,46,87,956.13,435.0,Critical cover under 7 days,4.1,23.96,43.96
30,Maven Toys Guadalajara 3,Guadalajara,Airport,25,PlayDoh Can,Art & Crafts,1.99,2.99,1,6,131,211,319,953.81,319.0,Critical cover under 7 days,1.7,11.94,17.94
4,Maven Toys Saltillo 1,Saltillo,Downtown,3,Barrel O' Slime,Art & Crafts,1.99,3.99,1,6,94,153,239,953.61,478.0,Critical cover under 7 days,2.3,11.94,23.94
9,Maven Toys Ciudad de Mexico 1,Cuidad de Mexico,Downtown,11,Etch A Sketch,Art & Crafts,10.99,20.99,1,1,3,13,45,944.55,450.0,Critical cover under 7 days,2.0,10.99,20.99
4,Maven Toys Saltillo 1,Saltillo,Downtown,4,Chutes & Ladders,Games,9.99,12.99,1,2,6,59,72,935.28,216.0,Critical cover under 7 days,2.5,19.98,25.98
32,Maven Toys Hermosillo 1,Hermosillo,Residential,28,Playfoam,Art & Crafts,3.99,10.99,1,5,49,85,85,934.15,595.0,Critical cover under 7 days,5.3,19.95,54.95
12,Maven Toys Chetumal 1,Chetumal,Downtown,25,PlayDoh Can,Art & Crafts,1.99,2.99,1,23,105,211,312,932.88,312.0,Critical cover under 7 days,6.6,45.77,68.77
20,Maven Toys Zacatecas 1,Zacatecas,Downtown,11,Etch A Sketch,Art & Crafts,10.99,20.99,1,3,0,4,44,923.56,440.0,Critical cover under 7 days,6.1,32.97,62.97
19,Maven Toys Puebla 1,Puebla,Commercial,14,Glass Marbles,Games,5.99,10.99,1,4,20,33,84,923.16,420.0,Critical cover under 7 days,4.3,23.96,43.96
9,Maven Toys Ciudad de Mexico 1,Cuidad de Mexico,Downtown,15,Hot Wheels 5-Pack,Toys,3.99,5.99,1,9,55,107,154,922.46,308.0,Critical cover under 7 days,5.3,35.91,53.91
34,Maven Toys Villahermosa 1,Villahermosa,Downtown,3,Barrel O' Slime,Art & Crafts,1.99,3.99,1,17,96,174,228,909.72,456.0,Critical cover under 7 days,6.7,33.83,67.83
18,Maven Toys Merida 1,Merida,Downtown,26,PlayDoh Playset,Art & Crafts,20.99,24.99,1,2,0,17,36,899.64,144.0,Critical cover under 7 days,5.0,41.98,49.98
5,Maven Toys La Paz 1,La Paz,Downtown,3,Barrel O' Slime,Art & Crafts,1.99,3.99,1,3,102,155,223,889.77,446.0,Critical cover under 7 days,1.2,5.97,11.97
41,Maven Toys Hermosillo 2,Hermosillo,Downtown,15,Hot Wheels 5-Pack,Toys,3.99,5.99,1,6,59,97,143,856.57,286.0,Critical cover under 7 days,3.8,23.94,35.94
37,Maven Toys Ciudad de Mexico 3,Cuidad de Mexico,Residential,14,Glass Marbles,Games,5.99,10.99,1,5,26,40,77,846.23,385.0,Critical cover under 7 days,5.8,29.95,54.95
29,Maven Toys Xalapa 1,Xalapa,Commercial,31,Splash Balls,Sports & Outdoors,7.99,8.99,1,3,0,33,94,845.06,94.0,Critical cover under 7 days,2.9,23.97,26.97
10,Maven Toys Campeche 1,Campeche,Downtown,3,Barrel O' Slime,Art & Crafts,1.99,3.99,1,15,14,89,210,837.9,420.0,Critical cover under 7 days,6.4,29.85,59.85
36,Maven Toys Morelia 1,Morelia,Downtown,31,Splash Balls,Sports & Outdoors,7.99,8.99,1,6,27,55,93,836.07,93.0,Critical cover under 7 days,5.8,47.94,53.94
37,Maven Toys Ciudad de Mexico 3,Cuidad de Mexico,Residential,28,Playfoam,Art & Crafts,3.99,10.99,1,4,49,76,76,835.24,532.0,Critical cover under 7 days,4.7,15.96,43.96
40,Maven Toys Toluca 2,Toluca,Commercial,7,Dart Gun,Sports & Outdoors,11.99,15.99,1,4,0,26,52,831.48,208.0,Critical cover under 7 days,6.9,47.96,63.96
48,Maven Toys Saltillo 2,Saltillo,Commercial,1,Action Figure,Toys,9.99,15.99,1,3,18,29,52,831.48,312.0,Critical cover under 7 days,5.2,29.97,47.97
36,Maven Toys Morelia 1,Morelia,Downtown,15,Hot Wheels 5-Pack,Toys,3.99,5.99,1,2,31,114,138,826.62,276.0,Critical cover under 7 days,1.3,7.98,11.98
19,Maven Toys Puebla 1,Puebla,Commercial,25,PlayDoh Can,Art & Crafts,1.99,2.99,1,18,109,208,272,813.28,272.0,Critical cover under 7 days,6.0,35.82,53.82
35,Maven Toys Chilpancingo 1,Chilpancingo,Downtown,3,Barrel O' Slime,Art & Crafts,1.99,3.99,1,12,54,82,203,809.97,406.0,Critical cover under 7 days,5.3,23.88,47.88
10,Maven Toys Campeche 1,Campeche,Downtown,14,Glass Marbles,Games,5.99,10.99,1,4,11,13,73,802.27,365.0,Critical cover under 7 days,4.9,23.96,43.96
39,Maven Toys Xalapa 2,Xalapa,Downtown,12,Foam Disk Launcher,Sports & Outdoors,8.99,11.99,1,3,22,35,66,791.34,198.0,Critical cover under 7 days,4.1,26.97,35.97
46,Maven Toys Guadalajara 4,Guadalajara,Downtown,28,Playfoam,Art & Crafts,3.99,10.99,1,1,64,72,72,791.28,504.0,Critical cover under 7 days,1.3,3.99,10.99
32,Maven Toys Hermosillo 1,Hermosillo,Residential,31,Splash Balls,Sports & Outdoors,7.99,8.99,1,4,45,51,86,773.14,86.0,Critical cover under 7 days,4.2,31.96,35.96
20,Maven Toys Zacatecas 1,Zacatecas,Downtown,28,Playfoam,Art & Crafts,3.99,10.99,1,3,50,68,68,747.32,476.0,Critical cover under 7 days,4.0,11.97,32.97
1,Maven Toys Guadalajara 1,Guadalajara,Residential,23,Mr. Potatohead,Toys,4.99,9.99,1,1,17,51,73,729.27,365.0,Critical cover under 7 days,1.2,4.99,9.99
23,Maven Toys Chihuahua 1,Chihuahua,Commercial,3,Barrel O' Slime,Art & Crafts,1.99,3.99,1,5,98,125,181,722.19,362.0,Critical cover under 7 days,2.5,9.95,19.95
48,Maven Toys Saltillo 2,Saltillo,Commercial,22,Monopoly,Games,13.99,19.99,1,2,25,35,35,699.65,210.0,Critical cover under 7 days,5.1,27.98,39.98
47,Maven Toys Monterrey 4,Monterrey,Commercial,25,PlayDoh Can,Art & Crafts,1.99,2.99,1,14,78,182,226,675.74,226.0,Critical cover under 7 days,5.6,27.86,41.86
48,Maven Toys Saltillo 2,Saltillo,Commercial,26,PlayDoh Playset,Art & Crafts,20.99,24.99,1,2,14,27,27,674.73,108.0,Critical cover under 7 days,6.7,41.98,49.98
13,Maven Toys Mexicali 2,Mexicali,Downtown,33,Teddy Bear,Toys,10.99,12.99,1,3,8,33,51,662.49,102.0,Critical cover under 7 days,5.3,32.97,38.97
43,Maven Toys Durango 1,Durango,Downtown,12,Foam Disk Launcher,Sports & Outdoors,8.99,11.99,1,3,18,18,55,659.45,165.0,Critical cover under 7 days,4.9,26.97,35.97
26,Maven Toys Campeche 2,Campeche,Commercial,23,Mr. Potatohead,Toys,4.99,9.99,1,4,26,63,66,659.34,330.0,Critical cover under 7 days,5.5,19.96,39.96
14,Maven Toys Guanajuato 1,Guanajuato,Downtown,12,Foam Disk Launcher,Sports & Outdoors,8.99,11.99,1,2,28,51,54,647.46,162.0,Critical cover under 7 days,3.3,17.98,23.98
28,Maven Toys Puebla 2,Puebla,Downtown,32,Supersoaker Water Gun,Sports & Outdoors,11.99,14.99,1,3,10,10,43,644.57,129.0,Critical cover under 7 days,6.3,35.97,44.97
36,Maven Toys Morelia 1,Morelia,Downtown,5,Classic Dominoes,Games,7.99,9.99,1,3,19,58,64,639.36,128.0,Critical cover under 7 days,4.2,23.97,29.97
43,Maven Toys Durango 1,Durango,Downtown,9,Dino Egg,Toys,9.99,10.99,1,4,33,38,58,637.42,58.0,Critical cover under 7 days,6.2,39.96,43.96
1,Maven Toys Guadalajara 1,Guadalajara,Residential,12,Foam Disk Launcher,Sports & Outdoors,8.99,11.99,1,3,22,28,52,623.48,156.0,Critical cover under 7 days,5.2,26.97,35.97
31,Maven Toys Ciudad de Mexico 2,Cuidad de Mexico,Airport,15,Hot Wheels 5-Pack,Toys,3.99,5.99,1,4,18,73,101,604.99,202.0,Critical cover under 7 days,3.6,15.96,23.96
40,Maven Toys Toluca 2,Toluca,Commercial,3,Barrel O' Slime,Art & Crafts,1.99,3.99,1,9,73,81,148,590.52,296.0,Critical cover under 7 days,5.5,17.91,35.91
27,Maven Toys Oaxaca 1,Oaxaca,Downtown,21,Mini Ping Pong Set,Sports & Outdoors,6.99,9.99,1,2,17,44,57,569.43,171.0,Critical cover under 7 days,3.2,13.98,19.98
33,Maven Toys Monterrey 3,Monterrey,Airport,27,PlayDoh Toolkit,Art & Crafts,3.99,4.99,1,6,53,90,114,568.86,114.0,Critical cover under 7 days,4.7,23.94,29.94
36,Maven Toys Morelia 1,Morelia,Downtown,11,Etch A Sketch,Art & Crafts,10.99,20.99,1,1,14,14,27,566.73,270.0,Critical cover under 7 days,3.3,10.99,20.99
40,Maven Toys Toluca 2,Toluca,Commercial,15,Hot Wheels 5-Pack,Toys,3.99,5.99,1,1,16,20,92,551.08,184.0,Critical cover under 7 days,1.0,3.99,5.99
46,Maven Toys Guadalajara 4,Guadalajara,Downtown,15,Hot Wheels 5-Pack,Toys,3.99,5.99,1,6,48,61,92,551.08,184.0,Critical cover under 7 days,5.9,23.94,35.94
1,Maven Toys Guadalajara 1,Guadalajara,Residential,22,Monopoly,Games,13.99,19.99,1,2,9,27,27,539.73,162.0,Critical cover under 7 days,6.7,27.98,39.98
26,Maven Toys Campeche 2,Campeche,Commercial,31,Splash Balls,Sports & Outdoors,7.99,8.99,1,4,7,35,59,530.41,59.0,Critical cover under 7 days,6.1,31.96,35.96
2,Maven Toys Monterrey 1,Monterrey,Residential,28,Playfoam,Art & Crafts,3.99,10.99,1,2,39,48,48,527.52,336.0,Critical cover under 7 days,3.8,7.98,21.98
9,Maven Toys Ciudad de Mexico 1,Cuidad de Mexico,Downtown,5,Classic Dominoes,Games,7.99,9.99,1,3,25,25,51,509.49,102.0,Critical cover under 7 days,5.3,23.97,29.97
44,Maven Toys Puebla 3,Puebla,Residential,15,Hot Wheels 5-Pack,Toys,3.99,5.99,1,4,47,80,85,509.15,170.0,Critical cover under 7 days,4.2,15.96,23.96
30,Maven Toys Guadalajara 3,Guadalajara,Airport,28,Playfoam,Art & Crafts,3.99,10.99,1,3,46,46,46,505.54,322.0,Critical cover under 7 days,5.9,11.97,32.97
18,Maven Toys Merida 1,Merida,Downtown,15,Hot Wheels 5-Pack,Toys,3.99,5.99,1,5,45,57,84,503.16,168.0,Critical cover under 7 days,5.4,19.95,29.95
26,Maven Toys Campeche 2,Campeche,Commercial,32,Supersoaker Water Gun,Sports & Outdoors,11.99,14.99,1,2,0,0,33,494.67,99.0,Critical cover under 7 days,5.5,23.98,29.98
2,Maven Toys Monterrey 1,Monterrey,Residential,12,Foam Disk Launcher,Sports & Outdoors,8.99,11.99,1,2,31,31,41,491.59,123.0,Critical cover under 7 days,4.4,17.98,23.98
3,Maven Toys Guadalajara 2,Guadalajara,Commercial,17,Kids Makeup Kit,Art & Crafts,13.99,19.99,1,1,0,14,24,479.76,144.0,Critical cover under 7 days,3.8,13.99,19.99
47,Maven Toys Monterrey 4,Monterrey,Commercial,15,Hot Wheels 5-Pack,Toys,3.99,5.99,1,3,35,59,80,479.2,160.0,Critical cover under 7 days,3.4,11.97,17.97
8,Maven Toys Pachuca 1,Pachuca,Downtown,3,Barrel O' Slime,Art & Crafts,1.99,3.99,1,8,68,84,113,450.87,226.0,Critical cover under 7 days,6.4,15.92,31.92
48,Maven Toys Saltillo 2,Saltillo,Commercial,15,Hot Wheels 5-Pack,Toys,3.99,5.99,1,3,56,72,72,431.28,144.0,Critical cover under 7 days,3.8,11.97,17.97
37,Maven Toys Ciudad de Mexico 3,Cuidad de Mexico,Residential,15,Hot Wheels 5-Pack,Toys,3.99,5.99,1,4,22,32,71,425.29,142.0,Critical cover under 7 days,5.1,15.96,23.96
40,Maven Toys Toluca 2,Toluca,Commercial,12,Foam Disk Launcher,Sports & Outdoors,8.99,11.99,1,2,0,7,35,419.65,105.0,Critical cover under 7 days,5.1,17.98,23.98
16,Maven Toys San Luis Potosi 1,San Luis Potosi,Downtown,23,Mr. Potatohead,Toys,4.99,9.99,1,2,20,27,39,389.61,195.0,Critical cover under 7 days,4.6,9.98,19.98
43,Maven Toys Durango 1,Durango,Downtown,23,Mr. Potatohead,Toys,4.99,9.99,1,2,2,20,38,379.62,190.0,Critical cover under 7 days,4.7,9.98,19.98
15,Maven Toys Tuxtla Gutierrez 1,Tuxtla Gutierrez,Downtown,28,Playfoam,Art & Crafts,3.99,10.99,1,2,23,33,33,362.67,231.0,Critical cover under 7 days,5.5,7.98,21.98
36,Maven Toys Morelia 1,Morelia,Downtown,12,Foam Disk Launcher,Sports & Outdoors,8.99,11.99,1,1,4,4,28,335.72,84.0,Critical cover under 7 days,3.2,8.99,11.99
6,Maven Toys Mexicali 1,Mexicali,Commercial,12,Foam Disk Launcher,Sports & Outdoors,8.99,11.99,1,2,0,7,27,323.73,81.0,Critical cover under 7 days,6.7,17.98,23.98
48,Maven Toys Saltillo 2,Saltillo,Commercial,12,Foam Disk Launcher,Sports & Outdoors,8.99,11.99,1,1,2,27,27,323.73,81.0,Critical cover under 7 days,3.3,8.99,11.99
16,Maven Toys San Luis Potosi 1,San Luis Potosi,Downtown,15,Hot Wheels 5-Pack,Toys,3.99,5.99,1,1,0,16,48,287.52,96.0,Critical cover under 7 days,1.9,3.99,5.99
29,Maven Toys Xalapa 1,Xalapa,Commercial,28,Playfoam,Art & Crafts,3.99,10.99,1,1,16,26,26,285.74,182.0,Critical cover under 7 days,3.5,3.99,10.99
42,Maven Toys Hermosillo 3,Hermosillo,Commercial,15,Hot Wheels 5-Pack,Toys,3.99,5.99,1,3,4,20,47,281.53,94.0,Critical cover under 7 days,5.7,11.97,17.97
15,Maven Toys Tuxtla Gutierrez 1,Tuxtla Gutierrez,Downtown,15,Hot Wheels 5-Pack,Toys,3.99,5.99,1,2,20,28,46,275.54,92.0,Critical cover under 7 days,3.9,7.98,11.98
49,Maven Toys Culiacan 1,Culiacan,Downtown,16,Jenga,Games,2.99,9.99,1,1,12,26,26,259.74,182.0,Critical cover under 7 days,3.5,2.99,9.99
48,Maven Toys Saltillo 2,Saltillo,Commercial,23,Mr. Potatohead,Toys,4.99,9.99,1,1,5,9,20,199.8,100.0,Critical cover under 7 days,4.5,4.99,9.99
1,Maven Toys Guadalajara 1,Guadalajara,Residential,15,Hot Wheels 5-Pack,Toys,3.99,5.99,1,2,15,15,26,155.74,52.0,Critical cover under 7 days,6.9,7.98,11.98
10,Maven Toys Campeche 1,Campeche,Downtown,16,Jenga,Games,2.99,9.99,1,1,0,0,15,149.85,105.0,Critical cover under 7 days,6.0,2.99,9.99
25,Maven Toys Ciudad Victoria 1,Ciudad Victoria,Downtown,18,Lego Bricks,Toys,34.99,39.99,1,34,54,149,317,12676.83,1585.0,Low cover 7-13 days,9.7,1189.66,1359.66
7,Maven Toys Monterrey 2,Monterrey,Downtown,18,Lego Bricks,Toys,34.99,39.99,1,31,98,175,263,10517.37,1315.0,Low cover 7-13 days,10.6,1084.69,1239.69
42,Maven Toys Hermosillo 3,Hermosillo,Commercial,18,Lego Bricks,Toys,34.99,39.99,1,21,41,98,259,10357.41,1295.0,Low cover 7-13 days,7.3,734.79,839.79
17,Maven Toys Toluca 1,Toluca,Downtown,18,Lego Bricks,Toys,34.99,39.99,1,27,75,163,219,8757.81,1095.0,Low cover 7-13 days,11.1,944.73,1079.73
17,Maven Toys Toluca 1,Toluca,Downtown,19,Magic Sand,Art & Crafts,13.99,15.99,1,53,126,260,507,8106.93,1014.0,Low cover 7-13 days,9.4,741.47,847.47
21,Maven Toys Santiago 1,Santiago,Downtown,19,Magic Sand,Art & Crafts,13.99,15.99,1,49,143,328,505,8074.95,1010.0,Low cover 7-13 days,8.7,685.51,783.51
4,Maven Toys Saltillo 1,Saltillo,Downtown,18,Lego Bricks,Toys,34.99,39.99,1,17,54,110,199,7958.01,995.0,Low cover 7-13 days,7.7,594.83,679.83
18,Maven Toys Merida 1,Merida,Downtown,18,Lego Bricks,Toys,34.99,39.99,1,29,64,126,196,7838.04,980.0,Low cover 7-13 days,13.3,1014.71,1159.71
29,Maven Toys Xalapa 1,Xalapa,Commercial,18,Lego Bricks,Toys,34.99,39.99,1,26,25,92,191,7638.09,955.0,Low cover 7-13 days,12.3,909.74,1039.74
39,Maven Toys Xalapa 2,Xalapa,Downtown,18,Lego Bricks,Toys,34.99,39.99,1,22,34,74,174,6958.26,870.0,Low cover 7-13 days,11.4,769.78,879.78
10,Maven Toys Campeche 1,Campeche,Downtown,18,Lego Bricks,Toys,34.99,39.99,1,17,0,33,168,6718.32,840.0,Low cover 7-13 days,9.1,594.83,679.83
22,Maven Toys Guanajuato 2,Guanajuato,Commercial,18,Lego Bricks,Toys,34.99,39.99,1,13,31,89,166,6638.34,830.0,Low cover 7-13 days,7.0,454.87,519.87
46,Maven Toys Guadalajara 4,Guadalajara,Downtown,6,Colorbuds,Electronics,6.99,14.99,1,65,134,241,438,6565.62,3504.0,Low cover 7-13 days,13.4,454.35,974.35
27,Maven Toys Oaxaca 1,Oaxaca,Downtown,18,Lego Bricks,Toys,34.99,39.99,1,18,61,116,162,6478.38,810.0,Low cover 7-13 days,10.0,629.82,719.82
19,Maven Toys Puebla 1,Puebla,Commercial,18,Lego Bricks,Toys,34.99,39.99,1,19,49,118,159,6358.41,795.0,Low cover 7-13 days,10.8,664.81,759.81
12,Maven Toys Chetumal 1,Chetumal,Downtown,18,Lego Bricks,Toys,34.99,39.99,1,20,70,132,157,6278.43,785.0,Low cover 7-13 days,11.5,699.8,799.8
31,Maven Toys Ciudad de Mexico 2,Cuidad de Mexico,Airport,24,Nerf Gun,Sports & Outdoors,14.99,19.99,1,29,96,157,309,6176.91,1545.0,Low cover 7-13 days,8.4,434.71,579.71
9,Maven Toys Ciudad de Mexico 1,Cuidad de Mexico,Downtown,19,Magic Sand,Art & Crafts,13.99,15.99,1,54,104,190,379,6060.21,758.0,Low cover 7-13 days,12.8,755.46,863.46
12,Maven Toys Chetumal 1,Chetumal,Downtown,19,Magic Sand,Art & Crafts,13.99,15.99,1,52,85,235,367,5868.33,734.0,Low cover 7-13 days,12.8,727.48,831.48
30,Maven Toys Guadalajara 3,Guadalajara,Airport,9,Dino Egg,Toys,9.99,10.99,1,59,85,339,514,5648.86,514.0,Low cover 7-13 days,10.3,589.41,648.41
35,Maven Toys Chilpancingo 1,Chilpancingo,Downtown,19,Magic Sand,Art & Crafts,13.99,15.99,1,44,68,160,350,5596.5,700.0,Low cover 7-13 days,11.3,615.56,703.56
4,Maven Toys Saltillo 1,Saltillo,Downtown,6,Colorbuds,Electronics,6.99,14.99,1,44,101,270,372,5576.28,2976.0,Low cover 7-13 days,10.6,307.56,659.56
24,Maven Toys Aguascalientes 1,Aguascalientes,Downtown,18,Lego Bricks,Toys,34.99,39.99,1,20,49,82,137,5478.63,685.0,Low cover 7-13 days,13.1,699.8,799.8
49,Maven Toys Culiacan 1,Culiacan,Downtown,19,Magic Sand,Art & Crafts,13.99,15.99,1,48,72,115,340,5436.6,680.0,Low cover 7-13 days,12.7,671.52,767.52
42,Maven Toys Hermosillo 3,Hermosillo,Commercial,19,Magic Sand,Art & Crafts,13.99,15.99,1,44,94,210,337,5388.63,674.0,Low cover 7-13 days,11.8,615.56,703.56
35,Maven Toys Chilpancingo 1,Chilpancingo,Downtown,18,Lego Bricks,Toys,34.99,39.99,1,11,48,116,133,5318.67,665.0,Low cover 7-13 days,7.4,384.89,439.89
38,Maven Toys Chihuahua 2,Chihuahua,Downtown,21,Mini Ping Pong Set,Sports & Outdoors,6.99,9.99,1,63,118,321,461,4605.39,1383.0,Low cover 7-13 days,12.3,440.37,629.37
47,Maven Toys Monterrey 4,Monterrey,Commercial,31,Splash Balls,Sports & Outdoors,7.99,8.99,1,48,153,339,504,4530.96,504.0,Low cover 7-13 days,8.6,383.52,431.52
37,Maven Toys Ciudad de Mexico 3,Cuidad de Mexico,Residential,21,Mini Ping Pong Set,Sports & Outdoors,6.99,9.99,1,53,196,304,438,4375.62,1314.0,Low cover 7-13 days,10.9,370.47,529.47
48,Maven Toys Saltillo 2,Saltillo,Commercial,18,Lego Bricks,Toys,34.99,39.99,1,10,25,62,109,4358.91,545.0,Low cover 7-13 days,8.3,349.9,399.9
50,Maven Toys Guanajuato 3,Guanajuato,Residential,19,Magic Sand,Art & Crafts,13.99,15.99,1,40,58,133,267,4269.33,534.0,Low cover 7-13 days,13.5,559.6,639.6
6,Maven Toys Mexicali 1,Mexicali,Commercial,19,Magic Sand,Art & Crafts,13.99,15.99,1,39,85,135,265,4237.35,530.0,Low cover 7-13 days,13.2,545.61,623.61
29,Maven Toys Xalapa 1,Xalapa,Commercial,30,Rubik's Cube,Games,17.99,19.99,1,32,32,159,207,4137.93,414.0,Low cover 7-13 days,13.9,575.68,639.68
16,Maven Toys San Luis Potosi 1,San Luis Potosi,Downtown,19,Magic Sand,Art & Crafts,13.99,15.99,1,29,90,203,257,4109.43,514.0,Low cover 7-13 days,10.2,405.71,463.71
19,Maven Toys Puebla 1,Puebla,Commercial,19,Magic Sand,Art & Crafts,13.99,15.99,1,37,79,155,244,3901.56,488.0,Low cover 7-13 days,13.6,517.63,591.63
37,Maven Toys Ciudad de Mexico 3,Cuidad de Mexico,Residential,1,Action Figure,Toys,9.99,15.99,1,23,60,172,244,3901.56,1464.0,Low cover 7-13 days,8.5,229.77,367.77
3,Maven Toys Guadalajara 2,Guadalajara,Commercial,19,Magic Sand,Art & Crafts,13.99,15.99,1,33,147,161,243,3885.57,486.0,Low cover 7-13 days,12.2,461.67,527.67
31,Maven Toys Ciudad de Mexico 2,Cuidad de Mexico,Airport,31,Splash Balls,Sports & Outdoors,7.99,8.99,1,39,100,193,427,3838.73,427.0,Low cover 7-13 days,8.2,311.61,350.61
31,Maven Toys Ciudad de Mexico 2,Cuidad de Mexico,Airport,8,Deck Of Cards,Games,3.99,6.99,1,84,100,367,545,3809.55,1635.0,Low cover 7-13 days,13.9,335.16,587.16
32,Maven Toys Hermosillo 1,Hermosillo,Residential,19,Magic Sand,Art & Crafts,13.99,15.99,1,35,121,182,230,3677.7,460.0,Low cover 7-13 days,13.7,489.65,559.65
13,Maven Toys Mexicali 2,Mexicali,Downtown,30,Rubik's Cube,Games,17.99,19.99,1,17,82,111,183,3658.17,366.0,Low cover 7-13 days,8.4,305.83,339.83
29,Maven Toys Xalapa 1,Xalapa,Commercial,24,Nerf Gun,Sports & Outdoors,14.99,19.99,1,14,65,94,175,3498.25,875.0,Low cover 7-13 days,7.2,209.86,279.86
25,Maven Toys Ciudad Victoria 1,Ciudad Victoria,Downtown,19,Magic Sand,Art & Crafts,13.99,15.99,1,28,123,153,218,3485.82,436.0,Low cover 7-13 days,11.6,391.72,447.72
35,Maven Toys Chilpancingo 1,Chilpancingo,Downtown,6,Colorbuds,Electronics,6.99,14.99,1,31,69,162,231,3462.69,1848.0,Low cover 7-13 days,12.1,216.69,464.69
14,Maven Toys Guanajuato 1,Guanajuato,Downtown,6,Colorbuds,Electronics,6.99,14.99,1,18,26,119,228,3417.72,1824.0,Low cover 7-13 days,7.1,125.82,269.82
6,Maven Toys Mexicali 1,Mexicali,Commercial,6,Colorbuds,Electronics,6.99,14.99,1,32,65,133,222,3327.78,1776.0,Low cover 7-13 days,13.0,223.68,479.68
12,Maven Toys Chetumal 1,Chetumal,Downtown,6,Colorbuds,Electronics,6.99,14.99,1,23,66,82,218,3267.82,1744.0,Low cover 7-13 days,9.5,160.77,344.77
43,Maven Toys Durango 1,Durango,Downtown,6,Colorbuds,Electronics,6.99,14.99,1,18,42,106,218,3267.82,1744.0,Low cover 7-13 days,7.4,125.82,269.82
43,Maven Toys Durango 1,Durango,Downtown,24,Nerf Gun,Sports & Outdoors,14.99,19.99,1,16,75,107,163,3258.37,815.0,Low cover 7-13 days,8.8,239.84,319.84
47,Maven Toys Monterrey 4,Monterrey,Commercial,10,Dinosaur Figures,Toys,10.99,14.99,1,20,137,183,217,3252.83,868.0,Low cover 7-13 days,8.3,219.8,299.8
5,Maven Toys La Paz 1,La Paz,Downtown,19,Magic Sand,Art & Crafts,13.99,15.99,1,18,57,172,203,3245.97,406.0,Low cover 7-13 days,8.0,251.82,287.82
30,Maven Toys Guadalajara 3,Guadalajara,Airport,24,Nerf Gun,Sports & Outdoors,14.99,19.99,1,23,19,76,157,3138.43,785.0,Low cover 7-13 days,13.2,344.77,459.77
17,Maven Toys Toluca 1,Toluca,Downtown,30,Rubik's Cube,Games,17.99,19.99,1,22,56,123,155,3098.45,310.0,Low cover 7-13 days,12.8,395.78,439.78
40,Maven Toys Toluca 2,Toluca,Commercial,17,Kids Makeup Kit,Art & Crafts,13.99,19.99,1,19,7,34,151,3018.49,906.0,Low cover 7-13 days,11.3,265.81,379.81
32,Maven Toys Hermosillo 1,Hermosillo,Residential,1,Action Figure,Toys,9.99,15.99,1,25,62,161,188,3006.12,1128.0,Low cover 7-13 days,12.0,249.75,399.75
6,Maven Toys Mexicali 1,Mexicali,Commercial,24,Nerf Gun,Sports & Outdoors,14.99,19.99,1,15,70,108,150,2998.5,750.0,Low cover 7-13 days,9.0,224.85,299.85
10,Maven Toys Campeche 1,Campeche,Downtown,24,Nerf Gun,Sports & Outdoors,14.99,19.99,1,20,0,66,149,2978.51,745.0,Low cover 7-13 days,12.1,299.8,399.8
20,Maven Toys Zacatecas 1,Zacatecas,Downtown,30,Rubik's Cube,Games,17.99,19.99,1,17,29,105,148,2958.52,296.0,Low cover 7-13 days,10.3,305.83,339.83
41,Maven Toys Hermosillo 2,Hermosillo,Downtown,7,Dart Gun,Sports & Outdoors,11.99,15.99,1,14,22,122,178,2846.22,712.0,Low cover 7-13 days,7.1,167.86,223.86
1,Maven Toys Guadalajara 1,Guadalajara,Residential,18,Lego Bricks,Toys,34.99,39.99,1,11,21,43,71,2839.29,355.0,Low cover 7-13 days,13.9,384.89,439.89
31,Maven Toys Ciudad de Mexico 2,Cuidad de Mexico,Airport,13,Gamer Headphones,Electronics,14.99,20.99,1,19,51,79,135,2833.65,810.0,Low cover 7-13 days,12.7,284.81,398.81
18,Maven Toys Merida 1,Merida,Downtown,19,Magic Sand,Art & Crafts,13.99,15.99,1,15,79,89,174,2782.26,348.0,Low cover 7-13 days,7.8,209.85,239.85
36,Maven Toys Morelia 1,Morelia,Downtown,13,Gamer Headphones,Electronics,14.99,20.99,1,18,50,77,131,2749.69,786.0,Low cover 7-13 days,12.4,269.82,377.82
45,Maven Toys Ciudad de Mexico 4,Cuidad de Mexico,Commercial,2,Animal Figures,Toys,9.99,12.99,1,23,53,88,210,2727.9,630.0,Low cover 7-13 days,9.9,229.77,298.77
26,Maven Toys Campeche 2,Campeche,Commercial,18,Lego Bricks,Toys,34.99,39.99,1,7,24,35,68,2719.32,340.0,Low cover 7-13 days,9.3,244.93,279.93
42,Maven Toys Hermosillo 3,Hermosillo,Commercial,8,Deck Of Cards,Games,3.99,6.99,1,54,182,264,389,2719.11,1167.0,Low cover 7-13 days,12.5,215.46,377.46
30,Maven Toys Guadalajara 3,Guadalajara,Airport,17,Kids Makeup Kit,Art & Crafts,13.99,19.99,1,13,11,35,136,2718.64,816.0,Low cover 7-13 days,8.6,181.87,259.87
9,Maven Toys Ciudad de Mexico 1,Cuidad de Mexico,Downtown,1,Action Figure,Toys,9.99,15.99,1,15,86,119,168,2686.32,1008.0,Low cover 7-13 days,8.0,149.85,239.85
38,Maven Toys Chihuahua 2,Chihuahua,Downtown,18,Lego Bricks,Toys,34.99,39.99,1,10,9,9,67,2679.33,335.0,Low cover 7-13 days,13.4,349.9,399.9
7,Maven Toys Monterrey 2,Monterrey,Downtown,1,Action Figure,Toys,9.99,15.99,1,14,64,118,166,2654.34,996.0,Low cover 7-13 days,7.6,139.86,223.86
39,Maven Toys Xalapa 2,Xalapa,Downtown,30,Rubik's Cube,Games,17.99,19.99,1,19,48,100,132,2638.68,264.0,Low cover 7-13 days,13.0,341.81,379.81
3,Maven Toys Guadalajara 2,Guadalajara,Commercial,6,Colorbuds,Electronics,6.99,14.99,1,21,42,97,175,2623.25,1400.0,Low cover 7-13 days,10.8,146.79,314.79
9,Maven Toys Ciudad de Mexico 1,Cuidad de Mexico,Downtown,30,Rubik's Cube,Games,17.99,19.99,1,11,62,68,131,2618.69,262.0,Low cover 7-13 days,7.6,197.89,219.89
31,Maven Toys Ciudad de Mexico 2,Cuidad de Mexico,Airport,25,PlayDoh Can,Art & Crafts,1.99,2.99,1,94,225,566,871,2604.29,871.0,Low cover 7-13 days,9.7,187.06,281.06
42,Maven Toys Hermosillo 3,Hermosillo,Commercial,9,Dino Egg,Toys,9.99,10.99,1,30,29,64,228,2505.72,228.0,Low cover 7-13 days,11.8,299.7,329.7
18,Maven Toys Merida 1,Merida,Downtown,17,Kids Makeup Kit,Art & Crafts,13.99,19.99,1,19,50,80,123,2458.77,738.0,Low cover 7-13 days,13.9,265.81,379.81
18,Maven Toys Merida 1,Merida,Downtown,6,Colorbuds,Electronics,6.99,14.99,1,22,41,76,164,2458.36,1312.0,Low cover 7-13 days,12.1,153.78,329.78
17,Maven Toys Toluca 1,Toluca,Downtown,13,Gamer Headphones,Electronics,14.99,20.99,1,16,76,92,116,2434.84,696.0,Low cover 7-13 days,12.4,239.84,335.84
15,Maven Toys Tuxtla Gutierrez 1,Tuxtla Gutierrez,Downtown,9,Dino Egg,Toys,9.99,10.99,1,26,90,117,218,2395.82,218.0,Low cover 7-13 days,10.7,259.74,285.74
9,Maven Toys Ciudad de Mexico 1,Cuidad de Mexico,Downtown,24,Nerf Gun,Sports & Outdoors,14.99,19.99,1,16,60,71,118,2358.82,590.0,Low cover 7-13 days,12.2,239.84,319.84
12,Maven Toys Chetumal 1,Chetumal,Downtown,1,Action Figure,Toys,9.99,15.99,1,16,105,132,147,2350.53,882.0,Low cover 7-13 days,9.8,159.84,255.84
6,Maven Toys Mexicali 1,Mexicali,Commercial,8,Deck Of Cards,Games,3.99,6.99,1,50,101,183,331,2313.69,993.0,Low cover 7-13 days,13.6,199.5,349.5
1,Maven Toys Guadalajara 1,Guadalajara,Residential,24,Nerf Gun,Sports & Outdoors,14.99,19.99,1,9,67,107,114,2278.86,570.0,Low cover 7-13 days,7.1,134.91,179.91
24,Maven Toys Aguascalientes 1,Aguascalientes,Downtown,9,Dino Egg,Toys,9.99,10.99,1,19,52,147,202,2219.98,202.0,Low cover 7-13 days,8.5,189.81,208.81
50,Maven Toys Guanajuato 3,Guanajuato,Residential,24,Nerf Gun,Sports & Outdoors,14.99,19.99,1,10,25,38,111,2218.89,555.0,Low cover 7-13 days,8.1,149.9,199.9
14,Maven Toys Guanajuato 1,Guanajuato,Downtown,24,Nerf Gun,Sports & Outdoors,14.99,19.99,1,10,85,103,109,2178.91,545.0,Low cover 7-13 days,8.3,149.9,199.9
9,Maven Toys Ciudad de Mexico 1,Cuidad de Mexico,Downtown,2,Animal Figures,Toys,9.99,12.99,1,18,59,125,165,2143.35,495.0,Low cover 7-13 days,9.8,179.82,233.82
36,Maven Toys Morelia 1,Morelia,Downtown,30,Rubik's Cube,Games,17.99,19.99,1,15,50,69,104,2078.96,208.0,Low cover 7-13 days,13.0,269.85,299.85
46,Maven Toys Guadalajara 4,Guadalajara,Downtown,1,Action Figure,Toys,9.99,15.99,1,11,49,91,130,2078.7,780.0,Low cover 7-13 days,7.6,109.89,175.89
7,Maven Toys Monterrey 2,Monterrey,Downtown,8,Deck Of Cards,Games,3.99,6.99,1,46,150,198,296,2069.04,888.0,Low cover 7-13 days,14.0,183.54,321.54
4,Maven Toys Saltillo 1,Saltillo,Downtown,9,Dino Egg,Toys,9.99,10.99,1,27,88,116,188,2066.12,188.0,Low cover 7-13 days,12.9,269.73,296.73
41,Maven Toys Hermosillo 2,Hermosillo,Downtown,31,Splash Balls,Sports & Outdoors,7.99,8.99,1,18,28,135,229,2058.71,229.0,Low cover 7-13 days,7.1,143.82,161.82
47,Maven Toys Monterrey 4,Monterrey,Commercial,11,Etch A Sketch,Art & Crafts,10.99,20.99,1,10,10,40,98,2057.02,980.0,Low cover 7-13 days,9.2,109.9,209.9
31,Maven Toys Ciudad de Mexico 2,Cuidad de Mexico,Airport,7,Dart Gun,Sports & Outdoors,11.99,15.99,1,18,51,75,127,2030.73,508.0,Low cover 7-13 days,12.8,215.82,287.82
43,Maven Toys Durango 1,Durango,Downtown,30,Rubik's Cube,Games,17.99,19.99,1,14,44,87,101,2018.99,202.0,Low cover 7-13 days,12.5,251.86,279.86
19,Maven Toys Puebla 1,Puebla,Commercial,7,Dart Gun,Sports & Outdoors,11.99,15.99,1,16,64,100,123,1966.77,492.0,Low cover 7-13 days,11.7,191.84,255.84
5,Maven Toys La Paz 1,La Paz,Downtown,6,Colorbuds,Electronics,6.99,14.99,1,12,35,111,131,1963.69,1048.0,Low cover 7-13 days,8.2,83.88,179.88
32,Maven Toys Hermosillo 1,Hermosillo,Residential,7,Dart Gun,Sports & Outdoors,11.99,15.99,1,18,9,71,121,1934.79,484.0,Low cover 7-13 days,13.4,215.82,287.82
30,Maven Toys Guadalajara 3,Guadalajara,Airport,31,Splash Balls,Sports & Outdoors,7.99,8.99,1,20,15,43,214,1923.86,214.0,Low cover 7-13 days,8.4,159.8,179.8
12,Maven Toys Chetumal 1,Chetumal,Downtown,9,Dino Egg,Toys,9.99,10.99,1,14,9,77,172,1890.28,172.0,Low cover 7-13 days,7.3,139.86,153.86
38,Maven Toys Chihuahua 2,Chihuahua,Downtown,28,Playfoam,Art & Crafts,3.99,10.99,1,26,139,169,169,1857.31,1183.0,Low cover 7-13 days,13.8,103.74,285.74
27,Maven Toys Oaxaca 1,Oaxaca,Downtown,34,Toy Robot,Electronics,20.99,25.99,1,9,16,44,71,1845.29,355.0,Low cover 7-13 days,11.4,188.91,233.91
21,Maven Toys Santiago 1,Santiago,Downtown,10,Dinosaur Figures,Toys,10.99,14.99,1,13,26,44,123,1843.77,492.0,Low cover 7-13 days,9.5,142.87,194.87
34,Maven Toys Villahermosa 1,Villahermosa,Downtown,28,Playfoam,Art & Crafts,3.99,10.99,1,13,67,167,167,1835.33,1169.0,Low cover 7-13 days,7.0,51.87,142.87
25,Maven Toys Ciudad Victoria 1,Ciudad Victoria,Downtown,24,Nerf Gun,Sports & Outdoors,14.99,19.99,1,10,55,74,90,1799.1,450.0,Low cover 7-13 days,10.0,149.9,199.9
30,Maven Toys Guadalajara 3,Guadalajara,Airport,1,Action Figure,Toys,9.99,15.99,1,15,13,64,110,1758.9,660.0,Low cover 7-13 days,12.3,149.85,239.85
28,Maven Toys Puebla 2,Puebla,Downtown,19,Magic Sand,Art & Crafts,13.99,15.99,1,13,57,84,108,1726.92,216.0,Low cover 7-13 days,10.8,181.87,207.87
43,Maven Toys Durango 1,Durango,Downtown,13,Gamer Headphones,Electronics,14.99,20.99,1,12,10,63,81,1700.19,486.0,Low cover 7-13 days,13.3,179.88,251.88
46,Maven Toys Guadalajara 4,Guadalajara,Downtown,11,Etch A Sketch,Art & Crafts,10.99,20.99,1,12,9,49,81,1700.19,810.0,Low cover 7-13 days,13.3,131.88,251.88
22,Maven Toys Guanajuato 2,Guanajuato,Commercial,11,Etch A Sketch,Art & Crafts,10.99,20.99,1,7,21,40,80,1679.2,800.0,Low cover 7-13 days,7.9,76.93,146.93
26,Maven Toys Campeche 2,Campeche,Commercial,24,Nerf Gun,Sports & Outdoors,14.99,19.99,1,11,50,57,84,1679.16,420.0,Low cover 7-13 days,11.8,164.89,219.89
50,Maven Toys Guanajuato 3,Guanajuato,Residential,31,Splash Balls,Sports & Outdoors,7.99,8.99,1,18,50,75,186,1672.14,186.0,Low cover 7-13 days,8.7,143.82,161.82
5,Maven Toys La Paz 1,La Paz,Downtown,17,Kids Makeup Kit,Art & Crafts,13.99,19.99,1,7,42,66,82,1639.18,492.0,Low cover 7-13 days,7.7,97.93,139.93
1,Maven Toys Guadalajara 1,Guadalajara,Residential,9,Dino Egg,Toys,9.99,10.99,1,12,91,121,148,1626.52,148.0,Low cover 7-13 days,7.3,119.88,131.88
18,Maven Toys Merida 1,Merida,Downtown,2,Animal Figures,Toys,9.99,12.99,1,12,38,57,125,1623.75,375.0,Low cover 7-13 days,8.6,119.88,155.88
29,Maven Toys Xalapa 1,Xalapa,Commercial,2,Animal Figures,Toys,9.99,12.99,1,15,6,83,125,1623.75,375.0,Low cover 7-13 days,10.8,149.85,194.85
41,Maven Toys Hermosillo 2,Hermosillo,Downtown,8,Deck Of Cards,Games,3.99,6.99,1,32,52,137,232,1621.68,696.0,Low cover 7-13 days,12.4,127.68,223.68
20,Maven Toys Zacatecas 1,Zacatecas,Downtown,13,Gamer Headphones,Electronics,14.99,20.99,1,11,44,77,77,1616.23,462.0,Low cover 7-13 days,12.9,164.89,230.89
22,Maven Toys Guanajuato 2,Guanajuato,Commercial,9,Dino Egg,Toys,9.99,10.99,1,14,41,44,146,1604.54,146.0,Low cover 7-13 days,8.6,139.86,153.86
9,Maven Toys Ciudad de Mexico 1,Cuidad de Mexico,Downtown,8,Deck Of Cards,Games,3.99,6.99,1,29,63,145,229,1600.71,687.0,Low cover 7-13 days,11.4,115.71,202.71
2,Maven Toys Monterrey 1,Monterrey,Residential,17,Kids Makeup Kit,Art & Crafts,13.99,19.99,1,12,24,63,80,1599.2,480.0,Low cover 7-13 days,13.5,167.88,239.88
28,Maven Toys Puebla 2,Puebla,Downtown,31,Splash Balls,Sports & Outdoors,7.99,8.99,1,18,2,108,176,1582.24,176.0,Low cover 7-13 days,9.2,143.82,161.82
49,Maven Toys Culiacan 1,Culiacan,Downtown,17,Kids Makeup Kit,Art & Crafts,13.99,19.99,1,9,34,47,79,1579.21,474.0,Low cover 7-13 days,10.3,125.91,179.91
47,Maven Toys Monterrey 4,Monterrey,Commercial,6,Colorbuds,Electronics,6.99,14.99,1,11,18,56,105,1573.95,840.0,Low cover 7-13 days,9.4,76.89,164.89
22,Maven Toys Guanajuato 2,Guanajuato,Commercial,1,Action Figure,Toys,9.99,15.99,1,10,0,3,98,1567.02,588.0,Low cover 7-13 days,9.2,99.9,159.9
16,Maven Toys San Luis Potosi 1,San Luis Potosi,Downtown,8,Deck Of Cards,Games,3.99,6.99,1,18,15,172,224,1565.76,672.0,Low cover 7-13 days,7.2,71.82,125.82
1,Maven Toys Guadalajara 1,Guadalajara,Residential,17,Kids Makeup Kit,Art & Crafts,13.99,19.99,1,7,40,48,77,1539.23,462.0,Low cover 7-13 days,8.2,97.93,139.93
39,Maven Toys Xalapa 2,Xalapa,Downtown,14,Glass Marbles,Games,5.99,10.99,1,12,45,100,140,1538.6,700.0,Low cover 7-13 days,7.7,71.88,131.88
13,Maven Toys Mexicali 2,Mexicali,Downtown,31,Splash Balls,Sports & Outdoors,7.99,8.99,1,24,36,102,169,1519.31,169.0,Low cover 7-13 days,12.8,191.76,215.76
43,Maven Toys Durango 1,Durango,Downtown,25,PlayDoh Can,Art & Crafts,1.99,2.99,1,55,188,276,507,1515.93,507.0,Low cover 7-13 days,9.8,109.45,164.45
30,Maven Toys Guadalajara 3,Guadalajara,Airport,7,Dart Gun,Sports & Outdoors,11.99,15.99,1,13,13,67,94,1503.06,376.0,Low cover 7-13 days,12.4,155.87,207.87
19,Maven Toys Puebla 1,Puebla,Commercial,13,Gamer Headphones,Electronics,14.99,20.99,1,7,62,66,70,1469.3,420.0,Low cover 7-13 days,9.0,104.93,146.93
12,Maven Toys Chetumal 1,Chetumal,Downtown,2,Animal Figures,Toys,9.99,12.99,1,16,42,86,113,1467.87,339.0,Low cover 7-13 days,12.7,159.84,207.84
17,Maven Toys Toluca 1,Toluca,Downtown,25,PlayDoh Can,Art & Crafts,1.99,2.99,1,59,121,343,487,1456.13,487.0,Low cover 7-13 days,10.9,117.41,176.41
40,Maven Toys Toluca 2,Toluca,Commercial,11,Etch A Sketch,Art & Crafts,10.99,20.99,1,10,10,27,69,1448.31,690.0,Low cover 7-13 days,13.0,109.9,209.9
8,Maven Toys Pachuca 1,Pachuca,Downtown,7,Dart Gun,Sports & Outdoors,11.99,15.99,1,8,47,55,90,1439.1,360.0,Low cover 7-13 days,8.0,95.92,127.92
12,Maven Toys Chetumal 1,Chetumal,Downtown,3,Barrel O' Slime,Art & Crafts,1.99,3.99,1,44,157,249,359,1432.41,718.0,Low cover 7-13 days,11.0,87.56,175.56
4,Maven Toys Saltillo 1,Saltillo,Downtown,10,Dinosaur Figures,Toys,10.99,14.99,1,8,26,67,95,1424.05,380.0,Low cover 7-13 days,7.6,87.92,119.92
32,Maven Toys Hermosillo 1,Hermosillo,Residential,3,Barrel O' Slime,Art & Crafts,1.99,3.99,1,45,89,145,350,1396.5,700.0,Low cover 7-13 days,11.6,89.55,179.55
16,Maven Toys San Luis Potosi 1,San Luis Potosi,Downtown,3,Barrel O' Slime,Art & Crafts,1.99,3.99,1,37,110,206,343,1368.57,686.0,Low cover 7-13 days,9.7,73.63,147.63
39,Maven Toys Xalapa 2,Xalapa,Downtown,2,Animal Figures,Toys,9.99,12.99,1,9,36,69,105,1363.95,315.0,Low cover 7-13 days,7.7,89.91,116.91
30,Maven Toys Guadalajara 3,Guadalajara,Airport,14,Glass Marbles,Games,5.99,10.99,1,10,94,123,123,1351.77,615.0,Low cover 7-13 days,7.3,59.9,109.9
11,Maven Toys Cuernavaca 1,Cuernavaca,Downtown,31,Splash Balls,Sports & Outdoors,7.99,8.99,1,20,12,100,150,1348.5,150.0,Low cover 7-13 days,12.0,159.8,179.8
29,Maven Toys Xalapa 1,Xalapa,Commercial,11,Etch A Sketch,Art & Crafts,10.99,20.99,1,8,22,36,64,1343.36,640.0,Low cover 7-13 days,11.3,87.92,167.92
31,Maven Toys Ciudad de Mexico 2,Cuidad de Mexico,Airport,12,Foam Disk Launcher,Sports & Outdoors,8.99,11.99,1,13,28,75,111,1330.89,333.0,Low cover 7-13 days,10.5,116.87,155.87
44,Maven Toys Puebla 3,Puebla,Residential,24,Nerf Gun,Sports & Outdoors,14.99,19.99,1,6,4,38,66,1319.34,330.0,Low cover 7-13 days,8.2,89.94,119.94
1,Maven Toys Guadalajara 1,Guadalajara,Residential,28,Playfoam,Art & Crafts,3.99,10.99,1,10,113,117,117,1285.83,819.0,Low cover 7-13 days,7.7,39.9,109.9
13,Maven Toys Mexicali 2,Mexicali,Downtown,17,Kids Makeup Kit,Art & Crafts,13.99,19.99,1,9,37,48,64,1279.36,384.0,Low cover 7-13 days,12.7,125.91,179.91
20,Maven Toys Zacatecas 1,Zacatecas,Downtown,7,Dart Gun,Sports & Outdoors,11.99,15.99,1,9,21,54,80,1279.2,320.0,Low cover 7-13 days,10.1,107.91,143.91
21,Maven Toys Santiago 1,Santiago,Downtown,21,Mini Ping Pong Set,Sports & Outdoors,6.99,9.99,1,14,69,108,127,1268.73,381.0,Low cover 7-13 days,9.9,97.86,139.86
25,Maven Toys Ciudad Victoria 1,Ciudad Victoria,Downtown,10,Dinosaur Figures,Toys,10.99,14.99,1,8,60,70,84,1259.16,336.0,Low cover 7-13 days,8.6,87.92,119.92
41,Maven Toys Hermosillo 2,Hermosillo,Downtown,6,Colorbuds,Electronics,6.99,14.99,1,7,43,84,84,1259.16,672.0,Low cover 7-13 days,7.5,48.93,104.93
15,Maven Toys Tuxtla Gutierrez 1,Tuxtla Gutierrez,Downtown,7,Dart Gun,Sports & Outdoors,11.99,15.99,1,10,21,63,78,1247.22,312.0,Low cover 7-13 days,11.5,119.9,159.9
23,Maven Toys Chihuahua 1,Chihuahua,Commercial,9,Dino Egg,Toys,9.99,10.99,1,9,7,73,112,1230.88,112.0,Low cover 7-13 days,7.2,89.91,98.91
16,Maven Toys San Luis Potosi 1,San Luis Potosi,Downtown,25,PlayDoh Can,Art & Crafts,1.99,2.99,1,37,152,282,409,1222.91,409.0,Low cover 7-13 days,8.1,73.63,110.63
33,Maven Toys Monterrey 3,Monterrey,Airport,10,Dinosaur Figures,Toys,10.99,14.99,1,12,0,36,81,1214.19,324.0,Low cover 7-13 days,13.3,131.88,179.88
21,Maven Toys Santiago 1,Santiago,Downtown,25,PlayDoh Can,Art & Crafts,1.99,2.99,1,46,128,272,403,1204.97,403.0,Low cover 7-13 days,10.3,91.54,137.54
36,Maven Toys Morelia 1,Morelia,Downtown,18,Lego Bricks,Toys,34.99,39.99,1,4,13,17,30,1199.7,150.0,Low cover 7-13 days,12.0,139.96,159.96
29,Maven Toys Xalapa 1,Xalapa,Commercial,32,Supersoaker Water Gun,Sports & Outdoors,11.99,14.99,1,7,32,51,80,1199.2,240.0,Low cover 7-13 days,7.9,83.93,104.93
37,Maven Toys Ciudad de Mexico 3,Cuidad de Mexico,Residential,31,Splash Balls,Sports & Outdoors,7.99,8.99,1,14,20,36,132,1186.68,132.0,Low cover 7-13 days,9.5,111.86,125.86
50,Maven Toys Guanajuato 3,Guanajuato,Residential,17,Kids Makeup Kit,Art & Crafts,13.99,19.99,1,6,25,32,59,1179.41,354.0,Low cover 7-13 days,9.2,83.94,119.94
9,Maven Toys Ciudad de Mexico 1,Cuidad de Mexico,Downtown,34,Toy Robot,Electronics,20.99,25.99,1,5,21,32,45,1169.55,225.0,Low cover 7-13 days,10.0,104.95,129.95
4,Maven Toys Saltillo 1,Saltillo,Downtown,7,Dart Gun,Sports & Outdoors,11.99,15.99,1,9,16,38,73,1167.27,292.0,Low cover 7-13 days,11.1,107.91,143.91
21,Maven Toys Santiago 1,Santiago,Downtown,1,Action Figure,Toys,9.99,15.99,1,7,38,60,73,1167.27,438.0,Low cover 7-13 days,8.6,69.93,111.93
26,Maven Toys Campeche 2,Campeche,Commercial,26,PlayDoh Playset,Art & Crafts,20.99,24.99,1,4,0,15,45,1124.55,180.0,Low cover 7-13 days,8.0,83.96,99.96
26,Maven Toys Campeche 2,Campeche,Commercial,8,Deck Of Cards,Games,3.99,6.99,1,22,32,65,157,1097.43,471.0,Low cover 7-13 days,12.6,87.78,153.78
43,Maven Toys Durango 1,Durango,Downtown,31,Splash Balls,Sports & Outdoors,7.99,8.99,1,18,25,49,121,1087.79,121.0,Low cover 7-13 days,13.4,143.82,161.82
3,Maven Toys Guadalajara 2,Guadalajara,Commercial,3,Barrel O' Slime,Art & Crafts,1.99,3.99,1,35,125,241,270,1077.3,540.0,Low cover 7-13 days,11.7,69.65,139.65
26,Maven Toys Campeche 2,Campeche,Commercial,9,Dino Egg,Toys,9.99,10.99,1,15,43,64,97,1066.03,97.0,Low cover 7-13 days,13.9,149.85,164.85
9,Maven Toys Ciudad de Mexico 1,Cuidad de Mexico,Downtown,17,Kids Makeup Kit,Art & Crafts,13.99,19.99,1,8,29,29,53,1059.47,318.0,Low cover 7-13 days,13.6,111.92,159.92
35,Maven Toys Chilpancingo 1,Chilpancingo,Downtown,7,Dart Gun,Sports & Outdoors,11.99,15.99,1,10,16,42,66,1055.34,264.0,Low cover 7-13 days,13.6,119.9,159.9
42,Maven Toys Hermosillo 3,Hermosillo,Commercial,7,Dart Gun,Sports & Outdoors,11.99,15.99,1,7,0,13,66,1055.34,264.0,Low cover 7-13 days,9.5,83.93,111.93
20,Maven Toys Zacatecas 1,Zacatecas,Downtown,3,Barrel O' Slime,Art & Crafts,1.99,3.99,1,24,111,181,261,1041.39,522.0,Low cover 7-13 days,8.3,47.76,95.76
33,Maven Toys Monterrey 3,Monterrey,Airport,1,Action Figure,Toys,9.99,15.99,1,10,5,19,65,1039.35,390.0,Low cover 7-13 days,13.8,99.9,159.9
42,Maven Toys Hermosillo 3,Hermosillo,Commercial,2,Animal Figures,Toys,9.99,12.99,1,10,20,31,80,1039.2,240.0,Low cover 7-13 days,11.3,99.9,129.9
27,Maven Toys Oaxaca 1,Oaxaca,Downtown,31,Splash Balls,Sports & Outdoors,7.99,8.99,1,13,32,79,114,1024.86,114.0,Low cover 7-13 days,10.3,103.87,116.87
43,Maven Toys Durango 1,Durango,Downtown,3,Barrel O' Slime,Art & Crafts,1.99,3.99,1,20,68,185,256,1021.44,512.0,Low cover 7-13 days,7.0,39.8,79.8
7,Maven Toys Monterrey 2,Monterrey,Downtown,31,Splash Balls,Sports & Outdoors,7.99,8.99,1,15,3,49,113,1015.87,113.0,Low cover 7-13 days,11.9,119.85,134.85
1,Maven Toys Guadalajara 1,Guadalajara,Residential,3,Barrel O' Slime,Art & Crafts,1.99,3.99,1,32,79,126,247,985.53,494.0,Low cover 7-13 days,11.7,63.68,127.68
4,Maven Toys Saltillo 1,Saltillo,Downtown,12,Foam Disk Launcher,Sports & Outdoors,8.99,11.99,1,7,13,27,82,983.18,246.0,Low cover 7-13 days,7.7,62.93,83.93
46,Maven Toys Guadalajara 4,Guadalajara,Downtown,25,PlayDoh Can,Art & Crafts,1.99,2.99,1,37,54,128,328,980.72,328.0,Low cover 7-13 days,10.2,73.63,110.63
44,Maven Toys Puebla 3,Puebla,Residential,25,PlayDoh Can,Art & Crafts,1.99,2.99,1,26,94,186,325,971.75,325.0,Low cover 7-13 days,7.2,51.74,77.74
21,Maven Toys Santiago 1,Santiago,Downtown,13,Gamer Headphones,Electronics,14.99,20.99,1,5,4,36,46,965.54,276.0,Low cover 7-13 days,9.8,74.95,104.95
20,Maven Toys Zacatecas 1,Zacatecas,Downtown,31,Splash Balls,Sports & Outdoors,7.99,8.99,1,10,55,77,107,961.93,107.0,Low cover 7-13 days,8.4,79.9,89.9
10,Maven Toys Campeche 1,Campeche,Downtown,23,Mr. Potatohead,Toys,4.99,9.99,1,9,11,56,96,959.04,480.0,Low cover 7-13 days,8.4,44.91,89.91
31,Maven Toys Ciudad de Mexico 2,Cuidad de Mexico,Airport,23,Mr. Potatohead,Toys,4.99,9.99,1,9,39,72,95,949.05,475.0,Low cover 7-13 days,8.5,44.91,89.91
11,Maven Toys Cuernavaca 1,Cuernavaca,Downtown,28,Playfoam,Art & Crafts,3.99,10.99,1,11,59,85,85,934.15,595.0,Low cover 7-13 days,11.6,43.89,120.89
33,Maven Toys Monterrey 3,Monterrey,Airport,26,PlayDoh Playset,Art & Crafts,20.99,24.99,1,5,10,15,37,924.63,148.0,Low cover 7-13 days,12.2,104.95,124.95
49,Maven Toys Culiacan 1,Culiacan,Downtown,28,Playfoam,Art & Crafts,3.99,10.99,1,10,54,84,84,923.16,588.0,Low cover 7-13 days,10.7,39.9,109.9
28,Maven Toys Puebla 2,Puebla,Downtown,1,Action Figure,Toys,9.99,15.99,1,6,38,51,57,911.43,342.0,Low cover 7-13 days,9.5,59.94,95.94
22,Maven Toys Guanajuato 2,Guanajuato,Commercial,29,Plush Pony,Toys,8.99,19.99,1,5,14,15,45,899.55,495.0,Low cover 7-13 days,10.0,44.95,99.95
44,Maven Toys Puebla 3,Puebla,Residential,14,Glass Marbles,Games,5.99,10.99,1,7,6,47,80,879.2,400.0,Low cover 7-13 days,7.9,41.93,76.93
43,Maven Toys Durango 1,Durango,Downtown,2,Animal Figures,Toys,9.99,12.99,1,8,37,52,67,870.33,201.0,Low cover 7-13 days,10.7,79.92,103.92
45,Maven Toys Ciudad de Mexico 4,Cuidad de Mexico,Commercial,32,Supersoaker Water Gun,Sports & Outdoors,11.99,14.99,1,6,20,29,58,869.42,174.0,Low cover 7-13 days,9.3,71.94,89.94
50,Maven Toys Guanajuato 3,Guanajuato,Residential,25,PlayDoh Can,Art & Crafts,1.99,2.99,1,34,71,220,286,855.14,286.0,Low cover 7-13 days,10.7,67.66,101.66
3,Maven Toys Guadalajara 2,Guadalajara,Commercial,7,Dart Gun,Sports & Outdoors,11.99,15.99,1,8,17,29,53,847.47,212.0,Low cover 7-13 days,13.6,95.92,127.92
34,Maven Toys Villahermosa 1,Villahermosa,Downtown,7,Dart Gun,Sports & Outdoors,11.99,15.99,1,5,29,32,53,847.47,212.0,Low cover 7-13 days,8.5,59.95,79.95
9,Maven Toys Ciudad de Mexico 1,Cuidad de Mexico,Downtown,14,Glass Marbles,Games,5.99,10.99,1,11,29,59,77,846.23,385.0,Low cover 7-13 days,12.9,65.89,120.89
42,Maven Toys Hermosillo 3,Hermosillo,Commercial,12,Foam Disk Launcher,Sports & Outdoors,8.99,11.99,1,10,33,39,70,839.3,210.0,Low cover 7-13 days,12.9,89.9,119.9
17,Maven Toys Toluca 1,Toluca,Downtown,12,Foam Disk Launcher,Sports & Outdoors,8.99,11.99,1,10,14,44,69,827.31,207.0,Low cover 7-13 days,13.0,89.9,119.9
19,Maven Toys Puebla 1,Puebla,Commercial,17,Kids Makeup Kit,Art & Crafts,13.99,19.99,1,5,0,22,41,819.59,246.0,Low cover 7-13 days,11.0,69.95,99.95
13,Maven Toys Mexicali 2,Mexicali,Downtown,21,Mini Ping Pong Set,Sports & Outdoors,6.99,9.99,1,9,14,51,82,819.18,246.0,Low cover 7-13 days,9.9,62.91,89.91
25,Maven Toys Ciudad Victoria 1,Ciudad Victoria,Downtown,7,Dart Gun,Sports & Outdoors,11.99,15.99,1,7,47,51,51,815.49,204.0,Low cover 7-13 days,12.4,83.93,111.93
48,Maven Toys Saltillo 2,Saltillo,Commercial,5,Classic Dominoes,Games,7.99,9.99,1,9,14,15,80,799.2,160.0,Low cover 7-13 days,10.1,71.91,89.91
4,Maven Toys Saltillo 1,Saltillo,Downtown,11,Etch A Sketch,Art & Crafts,10.99,20.99,1,3,19,30,38,797.62,380.0,Low cover 7-13 days,7.1,32.97,62.97
13,Maven Toys Mexicali 2,Mexicali,Downtown,25,PlayDoh Can,Art & Crafts,1.99,2.99,1,37,128,179,263,786.37,263.0,Low cover 7-13 days,12.7,73.63,110.63
1,Maven Toys Guadalajara 1,Guadalajara,Residential,7,Dart Gun,Sports & Outdoors,11.99,15.99,1,5,6,19,49,783.51,196.0,Low cover 7-13 days,9.2,59.95,79.95
11,Maven Toys Cuernavaca 1,Cuernavaca,Downtown,17,Kids Makeup Kit,Art & Crafts,13.99,19.99,1,5,31,39,39,779.61,234.0,Low cover 7-13 days,11.5,69.95,99.95
22,Maven Toys Guanajuato 2,Guanajuato,Commercial,22,Monopoly,Games,13.99,19.99,1,4,10,10,38,759.62,228.0,Low cover 7-13 days,9.5,55.96,79.96
2,Maven Toys Monterrey 1,Monterrey,Residential,25,PlayDoh Can,Art & Crafts,1.99,2.99,1,32,119,208,252,753.48,252.0,Low cover 7-13 days,11.4,63.68,95.68
16,Maven Toys San Luis Potosi 1,San Luis Potosi,Downtown,13,Gamer Headphones,Electronics,14.99,20.99,1,5,16,32,34,713.66,204.0,Low cover 7-13 days,13.2,74.95,104.95
34,Maven Toys Villahermosa 1,Villahermosa,Downtown,14,Glass Marbles,Games,5.99,10.99,1,5,20,33,63,692.37,315.0,Low cover 7-13 days,7.1,29.95,54.95
1,Maven Toys Guadalajara 1,Guadalajara,Residential,31,Splash Balls,Sports & Outdoors,7.99,8.99,1,7,29,45,76,683.24,76.0,Low cover 7-13 days,8.3,55.93,62.93
10,Maven Toys Campeche 1,Campeche,Downtown,17,Kids Makeup Kit,Art & Crafts,13.99,19.99,1,3,9,23,34,679.66,204.0,Low cover 7-13 days,7.9,41.97,59.97
20,Maven Toys Zacatecas 1,Zacatecas,Downtown,27,PlayDoh Toolkit,Art & Crafts,3.99,4.99,1,12,59,125,135,673.65,135.0,Low cover 7-13 days,8.0,47.88,59.88
1,Maven Toys Guadalajara 1,Guadalajara,Residential,29,Plush Pony,Toys,8.99,19.99,1,4,11,28,33,659.67,363.0,Low cover 7-13 days,10.9,35.96,79.96
33,Maven Toys Monterrey 3,Monterrey,Airport,22,Monopoly,Games,13.99,19.99,1,5,33,33,33,659.67,198.0,Low cover 7-13 days,13.6,69.95,99.95
33,Maven Toys Monterrey 3,Monterrey,Airport,3,Barrel O' Slime,Art & Crafts,1.99,3.99,1,21,45,96,162,646.38,324.0,Low cover 7-13 days,11.7,41.79,83.79
12,Maven Toys Chetumal 1,Chetumal,Downtown,22,Monopoly,Games,13.99,19.99,1,4,0,7,32,639.68,192.0,Low cover 7-13 days,11.3,55.96,79.96
37,Maven Toys Ciudad de Mexico 3,Cuidad de Mexico,Residential,4,Chutes & Ladders,Games,9.99,12.99,1,4,39,49,49,636.51,147.0,Low cover 7-13 days,7.3,39.96,51.96
50,Maven Toys Guanajuato 3,Guanajuato,Residential,30,Rubik's Cube,Games,17.99,19.99,1,4,10,22,31,619.69,62.0,Low cover 7-13 days,11.6,71.96,79.96
27,Maven Toys Oaxaca 1,Oaxaca,Downtown,25,PlayDoh Can,Art & Crafts,1.99,2.99,1,18,87,124,204,609.96,204.0,Low cover 7-13 days,7.9,35.82,53.82
4,Maven Toys Saltillo 1,Saltillo,Downtown,28,Playfoam,Art & Crafts,3.99,10.99,1,6,38,55,55,604.45,385.0,Low cover 7-13 days,9.8,23.94,65.94
30,Maven Toys Guadalajara 3,Guadalajara,Airport,15,Hot Wheels 5-Pack,Toys,3.99,5.99,1,9,9,24,99,593.01,198.0,Low cover 7-13 days,8.2,35.91,53.91
23,Maven Toys Chihuahua 1,Chihuahua,Commercial,14,Glass Marbles,Games,5.99,10.99,1,7,30,49,53,582.47,265.0,Low cover 7-13 days,11.9,41.93,76.93
12,Maven Toys Chetumal 1,Chetumal,Downtown,15,Hot Wheels 5-Pack,Toys,3.99,5.99,1,11,19,45,96,575.04,192.0,Low cover 7-13 days,10.3,43.89,65.89
48,Maven Toys Saltillo 2,Saltillo,Commercial,21,Mini Ping Pong Set,Sports & Outdoors,6.99,9.99,1,8,0,32,56,559.44,168.0,Low cover 7-13 days,12.9,55.92,79.92
14,Maven Toys Guanajuato 1,Guanajuato,Downtown,31,Splash Balls,Sports & Outdoors,7.99,8.99,1,5,16,29,62,557.38,62.0,Low cover 7-13 days,7.3,39.95,44.95
21,Maven Toys Santiago 1,Santiago,Downtown,28,Playfoam,Art & Crafts,3.99,10.99,1,7,38,50,50,549.5,350.0,Low cover 7-13 days,12.6,27.93,76.93
41,Maven Toys Hermosillo 2,Hermosillo,Downtown,35,Uno Card Game,Games,3.99,7.99,1,10,6,12,68,543.32,272.0,Low cover 7-13 days,13.2,39.9,79.9
1,Maven Toys Guadalajara 1,Guadalajara,Residential,32,Supersoaker Water Gun,Sports & Outdoors,11.99,14.99,1,4,0,36,36,539.64,108.0,Low cover 7-13 days,10.0,47.96,59.96
29,Maven Toys Xalapa 1,Xalapa,Commercial,3,Barrel O' Slime,Art & Crafts,1.99,3.99,1,17,44,65,133,530.67,266.0,Low cover 7-13 days,11.5,33.83,67.83
8,Maven Toys Pachuca 1,Pachuca,Downtown,12,Foam Disk Launcher,Sports & Outdoors,8.99,11.99,1,4,22,44,44,527.56,132.0,Low cover 7-13 days,8.2,35.96,47.96
34,Maven Toys Villahermosa 1,Villahermosa,Downtown,29,Plush Pony,Toys,8.99,19.99,1,3,0,14,26,519.74,286.0,Low cover 7-13 days,10.4,26.97,59.97
29,Maven Toys Xalapa 1,Xalapa,Commercial,26,PlayDoh Playset,Art & Crafts,20.99,24.99,1,2,10,10,20,499.8,80.0,Low cover 7-13 days,9.0,41.98,49.98
24,Maven Toys Aguascalientes 1,Aguascalientes,Downtown,3,Barrel O' Slime,Art & Crafts,1.99,3.99,1,13,66,86,124,494.76,248.0,Low cover 7-13 days,9.4,25.87,51.87
38,Maven Toys Chihuahua 2,Chihuahua,Downtown,16,Jenga,Games,2.99,9.99,1,6,0,0,49,489.51,343.0,Low cover 7-13 days,11.0,17.94,59.94
43,Maven Toys Durango 1,Durango,Downtown,15,Hot Wheels 5-Pack,Toys,3.99,5.99,1,10,41,43,81,485.19,162.0,Low cover 7-13 days,11.1,39.9,59.9
41,Maven Toys Hermosillo 2,Hermosillo,Downtown,14,Glass Marbles,Games,5.99,10.99,1,6,18,24,43,472.57,215.0,Low cover 7-13 days,12.6,35.94,65.94
17,Maven Toys Toluca 1,Toluca,Downtown,27,PlayDoh Toolkit,Art & Crafts,3.99,4.99,1,12,23,84,94,469.06,94.0,Low cover 7-13 days,11.5,47.88,59.88
22,Maven Toys Guanajuato 2,Guanajuato,Commercial,14,Glass Marbles,Games,5.99,10.99,1,5,20,20,40,439.6,200.0,Low cover 7-13 days,11.3,29.95,54.95
10,Maven Toys Campeche 1,Campeche,Downtown,5,Classic Dominoes,Games,7.99,9.99,1,4,12,21,44,439.56,88.0,Low cover 7-13 days,8.2,31.96,39.96
16,Maven Toys San Luis Potosi 1,San Luis Potosi,Downtown,20,Mini Basketball Hoop,Sports & Outdoors,8.99,24.99,1,2,0,0,17,424.83,272.0,Low cover 7-13 days,10.6,17.98,49.98
27,Maven Toys Oaxaca 1,Oaxaca,Downtown,12,Foam Disk Launcher,Sports & Outdoors,8.99,11.99,1,5,7,20,35,419.65,105.0,Low cover 7-13 days,12.9,44.95,59.95
21,Maven Toys Santiago 1,Santiago,Downtown,14,Glass Marbles,Games,5.99,10.99,1,4,11,21,38,417.62,190.0,Low cover 7-13 days,9.5,23.96,43.96
35,Maven Toys Chilpancingo 1,Chilpancingo,Downtown,23,Mr. Potatohead,Toys,4.99,9.99,1,5,0,14,39,389.61,195.0,Low cover 7-13 days,11.5,24.95,49.95
43,Maven Toys Durango 1,Durango,Downtown,28,Playfoam,Art & Crafts,3.99,10.99,1,4,18,35,35,384.65,245.0,Low cover 7-13 days,10.3,15.96,43.96
39,Maven Toys Xalapa 2,Xalapa,Downtown,21,Mini Ping Pong Set,Sports & Outdoors,6.99,9.99,1,5,6,19,38,379.62,114.0,Low cover 7-13 days,11.8,34.95,49.95
4,Maven Toys Saltillo 1,Saltillo,Downtown,15,Hot Wheels 5-Pack,Toys,3.99,5.99,1,9,35,55,63,377.37,126.0,Low cover 7-13 days,12.9,35.91,53.91
11,Maven Toys Cuernavaca 1,Cuernavaca,Downtown,15,Hot Wheels 5-Pack,Toys,3.99,5.99,1,7,19,47,60,359.4,120.0,Low cover 7-13 days,10.5,27.93,41.93
11,Maven Toys Cuernavaca 1,Cuernavaca,Downtown,13,Gamer Headphones,Electronics,14.99,20.99,1,2,17,17,17,356.83,102.0,Low cover 7-13 days,10.6,29.98,41.98
40,Maven Toys Toluca 2,Toluca,Commercial,13,Gamer Headphones,Electronics,14.99,20.99,1,2,8,17,17,356.83,102.0,Low cover 7-13 days,10.6,29.98,41.98
22,Maven Toys Guanajuato 2,Guanajuato,Commercial,12,Foam Disk Launcher,Sports & Outdoors,8.99,11.99,1,3,17,22,28,335.72,84.0,Low cover 7-13 days,9.6,26.97,35.97
14,Maven Toys Guanajuato 1,Guanajuato,Downtown,23,Mr. Potatohead,Toys,4.99,9.99,1,4,6,11,32,319.68,160.0,Low cover 7-13 days,11.3,19.96,39.96
38,Maven Toys Chihuahua 2,Chihuahua,Downtown,15,Hot Wheels 5-Pack,Toys,3.99,5.99,1,5,19,48,48,287.52,96.0,Low cover 7-13 days,9.4,19.95,29.95
48,Maven Toys Saltillo 2,Saltillo,Commercial,35,Uno Card Game,Games,3.99,7.99,1,3,17,34,35,279.65,140.0,Low cover 7-13 days,7.7,11.97,23.97
4,Maven Toys Saltillo 1,Saltillo,Downtown,35,Uno Card Game,Games,3.99,7.99,1,4,0,9,33,263.67,132.0,Low cover 7-13 days,10.9,15.96,31.96
3,Maven Toys Guadalajara 2,Guadalajara,Commercial,21,Mini Ping Pong Set,Sports & Outdoors,6.99,9.99,1,3,5,20,23,229.77,69.0,Low cover 7-13 days,11.7,20.97,29.97
14,Maven Toys Guanajuato 1,Guanajuato,Downtown,33,Teddy Bear,Toys,10.99,12.99,1,2,1,17,17,220.83,34.0,Low cover 7-13 days,10.6,21.98,25.98
6,Maven Toys Mexicali 1,Mexicali,Commercial,28,Playfoam,Art & Crafts,3.99,10.99,1,2,10,18,18,197.82,126.0,Low cover 7-13 days,10.0,7.98,21.98
1,Maven Toys Guadalajara 1,Guadalajara,Residential,33,Teddy Bear,Toys,10.99,12.99,1,2,0,6,15,194.85,30.0,Low cover 7-13 days,12.0,21.98,25.98
22,Maven Toys Guanajuato 2,Guanajuato,Commercial,35,Uno Card Game,Games,3.99,7.99,1,2,3,3,24,191.76,96.0,Low cover 7-13 days,7.5,7.98,15.98
38,Maven Toys Chihuahua 2,Chihuahua,Downtown,35,Uno Card Game,Games,3.99,7.99,1,2,24,24,24,191.76,96.0,Low cover 7-13 days,7.5,7.98,15.98
40,Maven Toys Toluca 2,Toluca,Commercial,29,Plush Pony,Toys,8.99,19.99,1,1,0,9,9,179.91,99.0,Low cover 7-13 days,10.0,8.99,19.99
27,Maven Toys Oaxaca 1,Oaxaca,Downtown,15,Hot Wheels 5-Pack,Toys,3.99,5.99,1,3,20,30,30,179.7,60.0,Low cover 7-13 days,9.0,11.97,17.97
50,Maven Toys Guanajuato 3,Guanajuato,Residential,22,Monopoly,Games,13.99,19.99,1,1,2,8,8,159.92,48.0,Low cover 7-13 days,11.3,13.99,19.99
46,Maven Toys Guadalajara 4,Guadalajara,Downtown,21,Mini Ping Pong Set,Sports & Outdoors,6.99,9.99,1,2,0,2,16,159.84,48.0,Low cover 7-13 days,11.3,13.98,19.98
50,Maven Toys Guanajuato 3,Guanajuato,Residential,18,Lego Bricks,Toys,34.99,39.99,1,51,89,228,285,11397.15,1425.0,Balanced cover 14-30 days,16.1,1784.49,2039.49
13,Maven Toys Mexicali 2,Mexicali,Downtown,18,Lego Bricks,Toys,34.99,39.99,1,47,33,86,200,7998.0,1000.0,Balanced cover 14-30 days,21.1,1644.53,1879.53
47,Maven Toys Monterrey 4,Monterrey,Commercial,19,Magic Sand,Art & Crafts,13.99,15.99,1,68,81,171,391,6252.09,782.0,Balanced cover 14-30 days,15.7,951.32,1087.32
2,Maven Toys Monterrey 1,Monterrey,Residential,18,Lego Bricks,Toys,34.99,39.99,1,38,41,69,150,5998.5,750.0,Balanced cover 14-30 days,22.8,1329.62,1519.62
16,Maven Toys San Luis Potosi 1,San Luis Potosi,Downtown,18,Lego Bricks,Toys,34.99,39.99,1,27,44,93,148,5918.52,740.0,Balanced cover 14-30 days,16.4,944.73,1079.73
23,Maven Toys Chihuahua 1,Chihuahua,Commercial,18,Lego Bricks,Toys,34.99,39.99,1,42,62,81,147,5878.53,735.0,Balanced cover 14-30 days,25.7,1469.58,1679.58
41,Maven Toys Hermosillo 2,Hermosillo,Downtown,19,Magic Sand,Art & Crafts,13.99,15.99,1,100,65,177,354,5660.46,708.0,Balanced cover 14-30 days,25.4,1399.0,1599.0
32,Maven Toys Hermosillo 1,Hermosillo,Residential,6,Colorbuds,Electronics,6.99,14.99,1,65,177,291,370,5546.3,2960.0,Balanced cover 14-30 days,15.8,454.35,974.35
31,Maven Toys Ciudad de Mexico 2,Cuidad de Mexico,Airport,19,Magic Sand,Art & Crafts,13.99,15.99,1,95,81,243,339,5420.61,678.0,Balanced cover 14-30 days,25.2,1329.05,1519.05
1,Maven Toys Guadalajara 1,Guadalajara,Residential,6,Colorbuds,Electronics,6.99,14.99,1,79,106,219,358,5366.42,2864.0,Balanced cover 14-30 days,19.9,552.21,1184.21
11,Maven Toys Cuernavaca 1,Cuernavaca,Downtown,18,Lego Bricks,Toys,34.99,39.99,1,34,36,88,126,5038.74,630.0,Balanced cover 14-30 days,24.3,1189.66,1359.66
40,Maven Toys Toluca 2,Toluca,Commercial,18,Lego Bricks,Toys,34.99,39.99,1,26,10,72,125,4998.75,625.0,Balanced cover 14-30 days,18.7,909.74,1039.74
31,Maven Toys Ciudad de Mexico 2,Cuidad de Mexico,Airport,30,Rubik's Cube,Games,17.99,19.99,1,66,61,132,230,4597.7,460.0,Balanced cover 14-30 days,25.8,1187.34,1319.34
15,Maven Toys Tuxtla Gutierrez 1,Tuxtla Gutierrez,Downtown,19,Magic Sand,Art & Crafts,13.99,15.99,1,63,124,213,285,4557.15,570.0,Balanced cover 14-30 days,19.9,881.37,1007.37
48,Maven Toys Saltillo 2,Saltillo,Commercial,19,Magic Sand,Art & Crafts,13.99,15.99,1,59,61,153,283,4525.17,566.0,Balanced cover 14-30 days,18.8,825.41,943.41
11,Maven Toys Cuernavaca 1,Cuernavaca,Downtown,19,Magic Sand,Art & Crafts,13.99,15.99,1,51,56,166,282,4509.18,564.0,Balanced cover 14-30 days,16.3,713.49,815.49
13,Maven Toys Mexicali 2,Mexicali,Downtown,19,Magic Sand,Art & Crafts,13.99,15.99,1,49,42,195,277,4429.23,554.0,Balanced cover 14-30 days,15.9,685.51,783.51
37,Maven Toys Ciudad de Mexico 3,Cuidad de Mexico,Residential,19,Magic Sand,Art & Crafts,13.99,15.99,1,69,113,171,272,4349.28,544.0,Balanced cover 14-30 days,22.8,965.31,1103.31
46,Maven Toys Guadalajara 4,Guadalajara,Downtown,18,Lego Bricks,Toys,34.99,39.99,1,21,25,72,103,4118.97,515.0,Balanced cover 14-30 days,18.3,734.79,839.79
30,Maven Toys Guadalajara 3,Guadalajara,Airport,10,Dinosaur Figures,Toys,10.99,14.99,1,55,64,149,273,4092.27,1092.0,Balanced cover 14-30 days,18.1,604.45,824.45
46,Maven Toys Guadalajara 4,Guadalajara,Downtown,19,Magic Sand,Art & Crafts,13.99,15.99,1,58,90,170,252,4029.48,504.0,Balanced cover 14-30 days,20.7,811.42,927.42
28,Maven Toys Puebla 2,Puebla,Downtown,18,Lego Bricks,Toys,34.99,39.99,1,24,31,58,93,3719.07,465.0,Balanced cover 14-30 days,23.2,839.76,959.76
39,Maven Toys Xalapa 2,Xalapa,Downtown,10,Dinosaur Figures,Toys,10.99,14.99,1,49,65,182,246,3687.54,984.0,Balanced cover 14-30 days,17.9,538.51,734.51
31,Maven Toys Ciudad de Mexico 2,Cuidad de Mexico,Airport,6,Colorbuds,Electronics,6.99,14.99,1,41,61,163,245,3672.55,1960.0,Balanced cover 14-30 days,15.1,286.59,614.59
10,Maven Toys Campeche 1,Campeche,Downtown,30,Rubik's Cube,Games,17.99,19.99,1,42,0,57,183,3658.17,366.0,Balanced cover 14-30 days,20.7,755.58,839.58
43,Maven Toys Durango 1,Durango,Downtown,18,Lego Bricks,Toys,34.99,39.99,1,16,35,61,90,3599.1,450.0,Balanced cover 14-30 days,16.0,559.84,639.84
7,Maven Toys Monterrey 2,Monterrey,Downtown,30,Rubik's Cube,Games,17.99,19.99,1,27,11,81,170,3398.3,340.0,Balanced cover 14-30 days,14.3,485.73,539.73
2,Maven Toys Monterrey 1,Monterrey,Residential,19,Magic Sand,Art & Crafts,13.99,15.99,1,35,81,139,209,3341.91,418.0,Balanced cover 14-30 days,15.1,489.65,559.65
46,Maven Toys Guadalajara 4,Guadalajara,Downtown,10,Dinosaur Figures,Toys,10.99,14.99,1,71,58,111,220,3297.8,880.0,Balanced cover 14-30 days,29.0,780.29,1064.29
19,Maven Toys Puebla 1,Puebla,Commercial,8,Deck Of Cards,Games,3.99,6.99,1,84,161,373,456,3187.44,1368.0,Balanced cover 14-30 days,16.6,335.16,587.16
9,Maven Toys Ciudad de Mexico 1,Cuidad de Mexico,Downtown,9,Dino Egg,Toys,9.99,10.99,1,50,106,221,288,3165.12,288.0,Balanced cover 14-30 days,15.6,499.5,549.5
45,Maven Toys Ciudad de Mexico 4,Cuidad de Mexico,Commercial,18,Lego Bricks,Toys,34.99,39.99,1,14,9,23,76,3039.24,380.0,Balanced cover 14-30 days,16.6,489.86,559.86
13,Maven Toys Mexicali 2,Mexicali,Downtown,24,Nerf Gun,Sports & Outdoors,14.99,19.99,1,24,9,48,149,2978.51,745.0,Balanced cover 14-30 days,14.5,359.76,479.76
27,Maven Toys Oaxaca 1,Oaxaca,Downtown,30,Rubik's Cube,Games,17.99,19.99,1,37,12,73,146,2918.54,292.0,Balanced cover 14-30 days,22.8,665.63,739.63
49,Maven Toys Culiacan 1,Culiacan,Downtown,24,Nerf Gun,Sports & Outdoors,14.99,19.99,1,23,59,139,146,2918.54,730.0,Balanced cover 14-30 days,14.2,344.77,459.77
32,Maven Toys Hermosillo 1,Hermosillo,Residential,30,Rubik's Cube,Games,17.99,19.99,1,28,55,119,145,2898.55,290.0,Balanced cover 14-30 days,17.4,503.72,559.72
49,Maven Toys Culiacan 1,Culiacan,Downtown,1,Action Figure,Toys,9.99,15.99,1,30,17,67,176,2814.24,1056.0,Balanced cover 14-30 days,15.3,299.7,479.7
25,Maven Toys Ciudad Victoria 1,Ciudad Victoria,Downtown,13,Gamer Headphones,Electronics,14.99,20.99,1,23,53,106,129,2707.71,774.0,Balanced cover 14-30 days,16.0,344.77,482.77
39,Maven Toys Xalapa 2,Xalapa,Downtown,17,Kids Makeup Kit,Art & Crafts,13.99,19.99,1,35,59,99,135,2698.65,810.0,Balanced cover 14-30 days,23.3,489.65,699.65
37,Maven Toys Ciudad de Mexico 3,Cuidad de Mexico,Residential,10,Dinosaur Figures,Toys,10.99,14.99,1,34,66,113,178,2668.22,712.0,Balanced cover 14-30 days,17.2,373.66,509.66
47,Maven Toys Monterrey 4,Monterrey,Commercial,24,Nerf Gun,Sports & Outdoors,14.99,19.99,1,24,40,88,133,2658.67,665.0,Balanced cover 14-30 days,16.2,359.76,479.76
8,Maven Toys Pachuca 1,Pachuca,Downtown,18,Lego Bricks,Toys,34.99,39.99,1,18,0,34,66,2639.34,330.0,Balanced cover 14-30 days,24.5,629.82,719.82
24,Maven Toys Aguascalientes 1,Aguascalientes,Downtown,6,Colorbuds,Electronics,6.99,14.99,1,46,44,81,176,2638.24,1408.0,Balanced cover 14-30 days,23.5,321.54,689.54
27,Maven Toys Oaxaca 1,Oaxaca,Downtown,1,Action Figure,Toys,9.99,15.99,1,27,16,107,164,2622.36,984.0,Balanced cover 14-30 days,14.8,269.73,431.73
33,Maven Toys Monterrey 3,Monterrey,Airport,8,Deck Of Cards,Games,3.99,6.99,1,66,117,251,369,2579.31,1107.0,Balanced cover 14-30 days,16.1,263.34,461.34
23,Maven Toys Chihuahua 1,Chihuahua,Commercial,19,Magic Sand,Art & Crafts,13.99,15.99,1,27,60,98,158,2526.42,316.0,Balanced cover 14-30 days,15.4,377.73,431.73
30,Maven Toys Guadalajara 3,Guadalajara,Airport,2,Animal Figures,Toys,9.99,12.99,1,30,12,63,191,2481.09,573.0,Balanced cover 14-30 days,14.1,299.7,389.7
36,Maven Toys Morelia 1,Morelia,Downtown,10,Dinosaur Figures,Toys,10.99,14.99,1,33,85,109,164,2458.36,656.0,Balanced cover 14-30 days,18.1,362.67,494.67
33,Maven Toys Monterrey 3,Monterrey,Airport,24,Nerf Gun,Sports & Outdoors,14.99,19.99,1,27,68,88,121,2418.79,605.0,Balanced cover 14-30 days,20.1,404.73,539.73
7,Maven Toys Monterrey 2,Monterrey,Downtown,10,Dinosaur Figures,Toys,10.99,14.99,1,36,56,101,161,2413.39,644.0,Balanced cover 14-30 days,20.1,395.64,539.64
28,Maven Toys Puebla 2,Puebla,Downtown,34,Toy Robot,Electronics,20.99,25.99,1,19,37,66,92,2391.08,460.0,Balanced cover 14-30 days,18.6,398.81,493.81
31,Maven Toys Ciudad de Mexico 2,Cuidad de Mexico,Airport,2,Animal Figures,Toys,9.99,12.99,1,36,25,77,184,2390.16,552.0,Balanced cover 14-30 days,17.6,359.64,467.64
27,Maven Toys Oaxaca 1,Oaxaca,Downtown,19,Magic Sand,Art & Crafts,13.99,15.99,1,34,63,110,145,2318.55,290.0,Balanced cover 14-30 days,21.1,475.66,543.66
4,Maven Toys Saltillo 1,Saltillo,Downtown,30,Rubik's Cube,Games,17.99,19.99,1,28,42,76,115,2298.85,230.0,Balanced cover 14-30 days,21.9,503.72,559.72
16,Maven Toys San Luis Potosi 1,San Luis Potosi,Downtown,21,Mini Ping Pong Set,Sports & Outdoors,6.99,9.99,1,54,93,191,229,2287.71,687.0,Balanced cover 14-30 days,21.2,377.46,539.46
48,Maven Toys Saltillo 2,Saltillo,Commercial,31,Splash Balls,Sports & Outdoors,7.99,8.99,1,41,75,88,251,2256.49,251.0,Balanced cover 14-30 days,14.7,327.59,368.59
10,Maven Toys Campeche 1,Campeche,Downtown,8,Deck Of Cards,Games,3.99,6.99,1,73,41,165,314,2194.86,942.0,Balanced cover 14-30 days,20.9,291.27,510.27
20,Maven Toys Zacatecas 1,Zacatecas,Downtown,10,Dinosaur Figures,Toys,10.99,14.99,1,34,42,69,145,2173.55,580.0,Balanced cover 14-30 days,21.1,373.66,509.66
15,Maven Toys Tuxtla Gutierrez 1,Tuxtla Gutierrez,Downtown,24,Nerf Gun,Sports & Outdoors,14.99,19.99,1,35,47,70,107,2138.93,535.0,Balanced cover 14-30 days,29.4,524.65,699.65
34,Maven Toys Villahermosa 1,Villahermosa,Downtown,25,PlayDoh Can,Art & Crafts,1.99,2.99,1,131,304,486,694,2075.06,694.0,Balanced cover 14-30 days,17.0,260.69,391.69
18,Maven Toys Merida 1,Merida,Downtown,13,Gamer Headphones,Electronics,14.99,20.99,1,30,9,42,98,2057.02,588.0,Balanced cover 14-30 days,27.6,449.7,629.7
43,Maven Toys Durango 1,Durango,Downtown,8,Deck Of Cards,Games,3.99,6.99,1,71,93,177,294,2055.06,882.0,Balanced cover 14-30 days,21.7,283.29,496.29
19,Maven Toys Puebla 1,Puebla,Commercial,24,Nerf Gun,Sports & Outdoors,14.99,19.99,1,16,58,84,102,2038.98,510.0,Balanced cover 14-30 days,14.1,239.84,319.84
38,Maven Toys Chihuahua 2,Chihuahua,Downtown,1,Action Figure,Toys,9.99,15.99,1,21,49,110,126,2014.74,756.0,Balanced cover 14-30 days,15.0,209.79,335.79
1,Maven Toys Guadalajara 1,Guadalajara,Residential,8,Deck Of Cards,Games,3.99,6.99,1,63,69,200,288,2013.12,864.0,Balanced cover 14-30 days,19.7,251.37,440.37
36,Maven Toys Morelia 1,Morelia,Downtown,8,Deck Of Cards,Games,3.99,6.99,1,58,84,194,286,1999.14,858.0,Balanced cover 14-30 days,18.3,231.42,405.42
16,Maven Toys San Luis Potosi 1,San Luis Potosi,Downtown,6,Colorbuds,Electronics,6.99,14.99,1,27,58,113,133,1993.67,1064.0,Balanced cover 14-30 days,18.3,188.73,404.73
12,Maven Toys Chetumal 1,Chetumal,Downtown,13,Gamer Headphones,Electronics,14.99,20.99,1,15,53,75,94,1973.06,564.0,Balanced cover 14-30 days,14.4,224.85,314.85
8,Maven Toys Pachuca 1,Pachuca,Downtown,21,Mini Ping Pong Set,Sports & Outdoors,6.99,9.99,1,37,129,163,197,1968.03,591.0,Balanced cover 14-30 days,16.9,258.63,369.63
31,Maven Toys Ciudad de Mexico 2,Cuidad de Mexico,Airport,17,Kids Makeup Kit,Art & Crafts,13.99,19.99,1,19,23,76,97,1939.03,582.0,Balanced cover 14-30 days,17.6,265.81,379.81
34,Maven Toys Villahermosa 1,Villahermosa,Downtown,24,Nerf Gun,Sports & Outdoors,14.99,19.99,1,28,46,56,97,1939.03,485.0,Balanced cover 14-30 days,26.0,419.72,559.72
5,Maven Toys La Paz 1,La Paz,Downtown,10,Dinosaur Figures,Toys,10.99,14.99,1,39,8,86,129,1933.71,516.0,Balanced cover 14-30 days,27.2,428.61,584.61
49,Maven Toys Culiacan 1,Culiacan,Downtown,11,Etch A Sketch,Art & Crafts,10.99,20.99,1,18,17,24,92,1931.08,920.0,Balanced cover 14-30 days,17.6,197.82,377.82
45,Maven Toys Ciudad de Mexico 4,Cuidad de Mexico,Commercial,24,Nerf Gun,Sports & Outdoors,14.99,19.99,1,26,38,49,96,1919.04,480.0,Balanced cover 14-30 days,24.4,389.74,519.74
49,Maven Toys Culiacan 1,Culiacan,Downtown,6,Colorbuds,Electronics,6.99,14.99,1,23,72,108,128,1918.72,1024.0,Balanced cover 14-30 days,16.2,160.77,344.77
26,Maven Toys Campeche 2,Campeche,Commercial,6,Colorbuds,Electronics,6.99,14.99,1,23,33,69,124,1858.76,992.0,Balanced cover 14-30 days,16.7,160.77,344.77
36,Maven Toys Morelia 1,Morelia,Downtown,6,Colorbuds,Electronics,6.99,14.99,1,27,36,104,122,1828.78,976.0,Balanced cover 14-30 days,19.9,188.73,404.73
14,Maven Toys Guanajuato 1,Guanajuato,Downtown,19,Magic Sand,Art & Crafts,13.99,15.99,1,23,33,100,114,1822.86,228.0,Balanced cover 14-30 days,18.2,321.77,367.77
23,Maven Toys Chihuahua 1,Chihuahua,Commercial,21,Mini Ping Pong Set,Sports & Outdoors,6.99,9.99,1,30,95,141,180,1798.2,540.0,Balanced cover 14-30 days,15.0,209.7,299.7
4,Maven Toys Saltillo 1,Saltillo,Downtown,24,Nerf Gun,Sports & Outdoors,14.99,19.99,1,20,47,77,89,1779.11,445.0,Balanced cover 14-30 days,20.2,299.8,399.8
28,Maven Toys Puebla 2,Puebla,Downtown,24,Nerf Gun,Sports & Outdoors,14.99,19.99,1,19,77,88,88,1759.12,440.0,Balanced cover 14-30 days,19.4,284.81,379.81
2,Maven Toys Monterrey 1,Monterrey,Residential,8,Deck Of Cards,Games,3.99,6.99,1,76,9,176,251,1754.49,753.0,Balanced cover 14-30 days,27.3,303.24,531.24
3,Maven Toys Guadalajara 2,Guadalajara,Commercial,8,Deck Of Cards,Games,3.99,6.99,1,44,141,179,249,1740.51,747.0,Balanced cover 14-30 days,15.9,175.56,307.56
35,Maven Toys Chilpancingo 1,Chilpancingo,Downtown,8,Deck Of Cards,Games,3.99,6.99,1,77,58,179,247,1726.53,741.0,Balanced cover 14-30 days,28.1,307.23,538.23
17,Maven Toys Toluca 1,Toluca,Downtown,24,Nerf Gun,Sports & Outdoors,14.99,19.99,1,27,39,57,86,1719.14,430.0,Balanced cover 14-30 days,28.3,404.73,539.73
38,Maven Toys Chihuahua 2,Chihuahua,Downtown,17,Kids Makeup Kit,Art & Crafts,13.99,19.99,1,24,13,43,86,1719.14,516.0,Balanced cover 14-30 days,25.1,335.76,479.76
1,Maven Toys Guadalajara 1,Guadalajara,Residential,1,Action Figure,Toys,9.99,15.99,1,27,57,64,107,1710.93,642.0,Balanced cover 14-30 days,22.7,269.73,431.73
37,Maven Toys Ciudad de Mexico 3,Cuidad de Mexico,Residential,24,Nerf Gun,Sports & Outdoors,14.99,19.99,1,27,48,71,85,1699.15,425.0,Balanced cover 14-30 days,28.6,404.73,539.73
39,Maven Toys Xalapa 2,Xalapa,Downtown,7,Dart Gun,Sports & Outdoors,11.99,15.99,1,21,26,43,106,1694.94,424.0,Balanced cover 14-30 days,17.8,251.79,335.79
22,Maven Toys Guanajuato 2,Guanajuato,Commercial,13,Gamer Headphones,Electronics,14.99,20.99,1,19,27,49,80,1679.2,480.0,Balanced cover 14-30 days,21.4,284.81,398.81
7,Maven Toys Monterrey 2,Monterrey,Downtown,24,Nerf Gun,Sports & Outdoors,14.99,19.99,1,25,6,31,84,1679.16,420.0,Balanced cover 14-30 days,26.8,374.75,499.75
15,Maven Toys Tuxtla Gutierrez 1,Tuxtla Gutierrez,Downtown,30,Rubik's Cube,Games,17.99,19.99,1,13,24,60,83,1659.17,166.0,Balanced cover 14-30 days,14.1,233.87,259.87
10,Maven Toys Campeche 1,Campeche,Downtown,6,Colorbuds,Electronics,6.99,14.99,1,24,39,60,110,1648.9,880.0,Balanced cover 14-30 days,19.6,167.76,359.76
22,Maven Toys Guanajuato 2,Guanajuato,Commercial,21,Mini Ping Pong Set,Sports & Outdoors,6.99,9.99,1,30,56,105,165,1648.35,495.0,Balanced cover 14-30 days,16.4,209.7,299.7
15,Maven Toys Tuxtla Gutierrez 1,Tuxtla Gutierrez,Downtown,13,Gamer Headphones,Electronics,14.99,20.99,1,13,53,78,78,1637.22,468.0,Balanced cover 14-30 days,15.0,194.87,272.87
21,Maven Toys Santiago 1,Santiago,Downtown,9,Dino Egg,Toys,9.99,10.99,1,26,16,92,148,1626.52,148.0,Balanced cover 14-30 days,15.8,259.74,285.74
27,Maven Toys Oaxaca 1,Oaxaca,Downtown,2,Animal Figures,Toys,9.99,12.99,1,30,54,95,124,1610.76,372.0,Balanced cover 14-30 days,21.8,299.7,389.7
24,Maven Toys Aguascalientes 1,Aguascalientes,Downtown,8,Deck Of Cards,Games,3.99,6.99,1,53,47,122,229,1600.71,687.0,Balanced cover 14-30 days,20.8,211.47,370.47
1,Maven Toys Guadalajara 1,Guadalajara,Residential,11,Etch A Sketch,Art & Crafts,10.99,20.99,1,19,18,36,76,1595.24,760.0,Balanced cover 14-30 days,22.5,208.81,398.81
13,Maven Toys Mexicali 2,Mexicali,Downtown,8,Deck Of Cards,Games,3.99,6.99,1,66,51,143,228,1593.72,684.0,Balanced cover 14-30 days,26.1,263.34,461.34
14,Maven Toys Guanajuato 1,Guanajuato,Downtown,8,Deck Of Cards,Games,3.99,6.99,1,57,63,147,228,1593.72,684.0,Balanced cover 14-30 days,22.5,227.43,398.43
34,Maven Toys Villahermosa 1,Villahermosa,Downtown,31,Splash Balls,Sports & Outdoors,7.99,8.99,1,30,31,120,174,1564.26,174.0,Balanced cover 14-30 days,15.5,239.7,269.7
16,Maven Toys San Luis Potosi 1,San Luis Potosi,Downtown,7,Dart Gun,Sports & Outdoors,11.99,15.99,1,19,1,41,97,1551.03,388.0,Balanced cover 14-30 days,17.6,227.81,303.81
24,Maven Toys Aguascalientes 1,Aguascalientes,Downtown,2,Animal Figures,Toys,9.99,12.99,1,25,41,91,117,1519.83,351.0,Balanced cover 14-30 days,19.2,249.75,324.75
49,Maven Toys Culiacan 1,Culiacan,Downtown,7,Dart Gun,Sports & Outdoors,11.99,15.99,1,24,3,48,95,1519.05,380.0,Balanced cover 14-30 days,22.7,287.76,383.76
11,Maven Toys Cuernavaca 1,Cuernavaca,Downtown,1,Action Figure,Toys,9.99,15.99,1,19,6,23,94,1503.06,564.0,Balanced cover 14-30 days,18.2,189.81,303.81
17,Maven Toys Toluca 1,Toluca,Downtown,1,Action Figure,Toys,9.99,15.99,1,22,0,69,94,1503.06,564.0,Balanced cover 14-30 days,21.1,219.78,351.78
44,Maven Toys Puebla 3,Puebla,Residential,7,Dart Gun,Sports & Outdoors,11.99,15.99,1,17,55,91,94,1503.06,376.0,Balanced cover 14-30 days,16.3,203.83,271.83
28,Maven Toys Puebla 2,Puebla,Downtown,3,Barrel O' Slime,Art & Crafts,1.99,3.99,1,60,174,290,374,1492.26,748.0,Balanced cover 14-30 days,14.4,119.4,239.4
36,Maven Toys Morelia 1,Morelia,Downtown,19,Magic Sand,Art & Crafts,13.99,15.99,1,28,18,45,93,1487.07,186.0,Balanced cover 14-30 days,27.1,391.72,447.72
25,Maven Toys Ciudad Victoria 1,Ciudad Victoria,Downtown,2,Animal Figures,Toys,9.99,12.99,1,18,44,80,114,1480.86,342.0,Balanced cover 14-30 days,14.2,179.82,233.82
15,Maven Toys Tuxtla Gutierrez 1,Tuxtla Gutierrez,Downtown,8,Deck Of Cards,Games,3.99,6.99,1,40,38,98,211,1474.89,633.0,Balanced cover 14-30 days,17.1,159.6,279.6
5,Maven Toys La Paz 1,La Paz,Downtown,31,Splash Balls,Sports & Outdoors,7.99,8.99,1,31,93,122,164,1474.36,164.0,Balanced cover 14-30 days,17.0,247.69,278.69
41,Maven Toys Hermosillo 2,Hermosillo,Downtown,1,Action Figure,Toys,9.99,15.99,1,21,51,75,91,1455.09,546.0,Balanced cover 14-30 days,20.8,209.79,335.79
49,Maven Toys Culiacan 1,Culiacan,Downtown,14,Glass Marbles,Games,5.99,10.99,1,37,49,122,132,1450.68,660.0,Balanced cover 14-30 days,25.2,221.63,406.63
3,Maven Toys Guadalajara 2,Guadalajara,Commercial,24,Nerf Gun,Sports & Outdoors,14.99,19.99,1,15,15,43,72,1439.28,360.0,Balanced cover 14-30 days,18.8,224.85,299.85
24,Maven Toys Aguascalientes 1,Aguascalientes,Downtown,14,Glass Marbles,Games,5.99,10.99,1,36,16,84,130,1428.7,650.0,Balanced cover 14-30 days,24.9,215.64,395.64
14,Maven Toys Guanajuato 1,Guanajuato,Downtown,13,Gamer Headphones,Electronics,14.99,20.99,1,14,7,68,68,1427.32,408.0,Balanced cover 14-30 days,18.5,209.86,293.86
22,Maven Toys Guanajuato 2,Guanajuato,Commercial,2,Animal Figures,Toys,9.99,12.99,1,25,43,83,109,1415.91,327.0,Balanced cover 14-30 days,20.6,249.75,324.75
41,Maven Toys Hermosillo 2,Hermosillo,Downtown,2,Animal Figures,Toys,9.99,12.99,1,19,59,66,109,1415.91,327.0,Balanced cover 14-30 days,15.7,189.81,246.81
17,Maven Toys Toluca 1,Toluca,Downtown,6,Colorbuds,Electronics,6.99,14.99,1,16,18,75,93,1394.07,744.0,Balanced cover 14-30 days,15.5,111.84,239.84
49,Maven Toys Culiacan 1,Culiacan,Downtown,13,Gamer Headphones,Electronics,14.99,20.99,1,18,8,58,66,1385.34,396.0,Balanced cover 14-30 days,24.5,269.82,377.82
17,Maven Toys Toluca 1,Toluca,Downtown,7,Dart Gun,Sports & Outdoors,11.99,15.99,1,20,25,39,85,1359.15,340.0,Balanced cover 14-30 days,21.2,239.8,319.8
42,Maven Toys Hermosillo 3,Hermosillo,Commercial,11,Etch A Sketch,Art & Crafts,10.99,20.99,1,20,0,0,64,1343.36,640.0,Balanced cover 14-30 days,28.1,219.8,419.8
43,Maven Toys Durango 1,Durango,Downtown,7,Dart Gun,Sports & Outdoors,11.99,15.99,1,25,17,43,83,1327.17,332.0,Balanced cover 14-30 days,27.1,299.75,399.75
45,Maven Toys Ciudad de Mexico 4,Cuidad de Mexico,Commercial,1,Action Figure,Toys,9.99,15.99,1,26,12,47,83,1327.17,498.0,Balanced cover 14-30 days,28.2,259.74,415.74
4,Maven Toys Saltillo 1,Saltillo,Downtown,20,Mini Basketball Hoop,Sports & Outdoors,8.99,24.99,1,13,30,53,53,1324.47,848.0,Balanced cover 14-30 days,22.1,116.87,324.87
30,Maven Toys Guadalajara 3,Guadalajara,Airport,29,Plush Pony,Toys,8.99,19.99,1,19,0,8,66,1319.34,726.0,Balanced cover 14-30 days,25.9,170.81,379.81
38,Maven Toys Chihuahua 2,Chihuahua,Downtown,24,Nerf Gun,Sports & Outdoors,14.99,19.99,1,11,15,58,66,1319.34,330.0,Balanced cover 14-30 days,15.0,164.89,219.89
50,Maven Toys Guanajuato 3,Guanajuato,Residential,6,Colorbuds,Electronics,6.99,14.99,1,27,12,65,88,1319.12,704.0,Balanced cover 14-30 days,27.6,188.73,404.73
9,Maven Toys Ciudad de Mexico 1,Cuidad de Mexico,Downtown,7,Dart Gun,Sports & Outdoors,11.99,15.99,1,22,48,63,82,1311.18,328.0,Balanced cover 14-30 days,24.1,263.78,351.78
25,Maven Toys Ciudad Victoria 1,Ciudad Victoria,Downtown,25,PlayDoh Can,Art & Crafts,1.99,2.99,1,80,107,238,437,1306.63,437.0,Balanced cover 14-30 days,16.5,159.2,239.2
18,Maven Toys Merida 1,Merida,Downtown,34,Toy Robot,Electronics,20.99,25.99,1,8,15,34,50,1299.5,250.0,Balanced cover 14-30 days,14.4,167.92,207.92
30,Maven Toys Guadalajara 3,Guadalajara,Airport,26,PlayDoh Playset,Art & Crafts,20.99,24.99,1,13,7,19,52,1299.48,208.0,Balanced cover 14-30 days,22.5,272.87,324.87
21,Maven Toys Santiago 1,Santiago,Downtown,2,Animal Figures,Toys,9.99,12.99,1,24,29,52,100,1299.0,300.0,Balanced cover 14-30 days,21.6,239.76,311.76
26,Maven Toys Campeche 2,Campeche,Commercial,28,Playfoam,Art & Crafts,3.99,10.99,1,26,89,118,118,1296.82,826.0,Balanced cover 14-30 days,19.8,103.74,285.74
4,Maven Toys Saltillo 1,Saltillo,Downtown,21,Mini Ping Pong Set,Sports & Outdoors,6.99,9.99,1,24,42,88,129,1288.71,387.0,Balanced cover 14-30 days,16.7,167.76,239.76
38,Maven Toys Chihuahua 2,Chihuahua,Downtown,3,Barrel O' Slime,Art & Crafts,1.99,3.99,1,54,157,262,312,1244.88,624.0,Balanced cover 14-30 days,15.6,107.46,215.46
41,Maven Toys Hermosillo 2,Hermosillo,Downtown,9,Dino Egg,Toys,9.99,10.99,1,18,14,51,113,1241.87,113.0,Balanced cover 14-30 days,14.3,179.82,197.82
6,Maven Toys Mexicali 1,Mexicali,Commercial,21,Mini Ping Pong Set,Sports & Outdoors,6.99,9.99,1,36,64,97,124,1238.76,372.0,Balanced cover 14-30 days,26.1,251.64,359.64
47,Maven Toys Monterrey 4,Monterrey,Commercial,23,Mr. Potatohead,Toys,4.99,9.99,1,29,29,103,124,1238.76,620.0,Balanced cover 14-30 days,21.0,144.71,289.71
43,Maven Toys Durango 1,Durango,Downtown,1,Action Figure,Toys,9.99,15.99,1,24,33,49,77,1231.23,462.0,Balanced cover 14-30 days,28.1,239.76,383.76
45,Maven Toys Ciudad de Mexico 4,Cuidad de Mexico,Commercial,7,Dart Gun,Sports & Outdoors,11.99,15.99,1,15,26,77,77,1231.23,308.0,Balanced cover 14-30 days,17.5,179.85,239.85
13,Maven Toys Mexicali 2,Mexicali,Downtown,14,Glass Marbles,Games,5.99,10.99,1,21,0,39,112,1230.88,560.0,Balanced cover 14-30 days,16.9,125.79,230.79
23,Maven Toys Chihuahua 1,Chihuahua,Commercial,6,Colorbuds,Electronics,6.99,14.99,1,17,30,69,82,1229.18,656.0,Balanced cover 14-30 days,18.7,118.83,254.83
16,Maven Toys San Luis Potosi 1,San Luis Potosi,Downtown,2,Animal Figures,Toys,9.99,12.99,1,28,35,61,93,1208.07,279.0,Balanced cover 14-30 days,27.1,279.72,363.72
5,Maven Toys La Paz 1,La Paz,Downtown,8,Deck Of Cards,Games,3.99,6.99,1,27,66,77,172,1202.28,516.0,Balanced cover 14-30 days,14.1,107.73,188.73
11,Maven Toys Cuernavaca 1,Cuernavaca,Downtown,7,Dart Gun,Sports & Outdoors,11.99,15.99,1,19,17,57,75,1199.25,300.0,Balanced cover 14-30 days,22.8,227.81,303.81
15,Maven Toys Tuxtla Gutierrez 1,Tuxtla Gutierrez,Downtown,1,Action Figure,Toys,9.99,15.99,1,24,40,64,75,1199.25,450.0,Balanced cover 14-30 days,28.8,239.76,383.76
23,Maven Toys Chihuahua 1,Chihuahua,Commercial,8,Deck Of Cards,Games,3.99,6.99,1,32,56,120,171,1195.29,513.0,Balanced cover 14-30 days,16.8,127.68,223.68
40,Maven Toys Toluca 2,Toluca,Commercial,2,Animal Figures,Toys,9.99,12.99,1,29,28,40,91,1182.09,273.0,Balanced cover 14-30 days,28.7,289.71,376.71
35,Maven Toys Chilpancingo 1,Chilpancingo,Downtown,30,Rubik's Cube,Games,17.99,19.99,1,10,16,27,59,1179.41,118.0,Balanced cover 14-30 days,15.3,179.9,199.9
2,Maven Toys Monterrey 1,Monterrey,Residential,21,Mini Ping Pong Set,Sports & Outdoors,6.99,9.99,1,20,33,86,118,1178.82,354.0,Balanced cover 14-30 days,15.3,139.8,199.8
5,Maven Toys La Paz 1,La Paz,Downtown,9,Dino Egg,Toys,9.99,10.99,1,31,7,73,107,1175.93,107.0,Balanced cover 14-30 days,26.1,309.69,340.69
18,Maven Toys Merida 1,Merida,Downtown,30,Rubik's Cube,Games,17.99,19.99,1,15,34,40,58,1159.42,116.0,Balanced cover 14-30 days,23.3,269.85,299.85
47,Maven Toys Monterrey 4,Monterrey,Commercial,29,Plush Pony,Toys,8.99,19.99,1,10,14,15,58,1159.42,638.0,Balanced cover 14-30 days,15.5,89.9,199.9
34,Maven Toys Villahermosa 1,Villahermosa,Downtown,6,Colorbuds,Electronics,6.99,14.99,1,24,54,77,77,1154.23,616.0,Balanced cover 14-30 days,28.1,167.76,359.76
20,Maven Toys Zacatecas 1,Zacatecas,Downtown,24,Nerf Gun,Sports & Outdoors,14.99,19.99,1,18,19,45,57,1139.43,285.0,Balanced cover 14-30 days,28.4,269.82,359.82
24,Maven Toys Aguascalientes 1,Aguascalientes,Downtown,10,Dinosaur Figures,Toys,10.99,14.99,1,19,43,67,76,1139.24,304.0,Balanced cover 14-30 days,22.5,208.81,284.81
14,Maven Toys Guanajuato 1,Guanajuato,Downtown,1,Action Figure,Toys,9.99,15.99,1,21,7,46,71,1135.29,426.0,Balanced cover 14-30 days,26.6,209.79,335.79
50,Maven Toys Guanajuato 3,Guanajuato,Residential,7,Dart Gun,Sports & Outdoors,11.99,15.99,1,13,38,54,70,1119.3,280.0,Balanced cover 14-30 days,16.7,155.87,207.87
36,Maven Toys Morelia 1,Morelia,Downtown,2,Animal Figures,Toys,9.99,12.99,1,26,67,78,86,1117.14,258.0,Balanced cover 14-30 days,27.2,259.74,337.74
27,Maven Toys Oaxaca 1,Oaxaca,Downtown,3,Barrel O' Slime,Art & Crafts,1.99,3.99,1,55,173,213,277,1105.23,554.0,Balanced cover 14-30 days,17.9,109.45,219.45
12,Maven Toys Chetumal 1,Chetumal,Downtown,7,Dart Gun,Sports & Outdoors,11.99,15.99,1,11,13,35,68,1087.32,272.0,Balanced cover 14-30 days,14.6,131.89,175.89
43,Maven Toys Durango 1,Durango,Downtown,17,Kids Makeup Kit,Art & Crafts,13.99,19.99,1,18,25,48,54,1079.46,324.0,Balanced cover 14-30 days,30.0,251.82,359.82
8,Maven Toys Pachuca 1,Pachuca,Downtown,11,Etch A Sketch,Art & Crafts,10.99,20.99,1,8,21,35,51,1070.49,510.0,Balanced cover 14-30 days,14.1,87.92,167.92
45,Maven Toys Ciudad de Mexico 4,Cuidad de Mexico,Commercial,13,Gamer Headphones,Electronics,14.99,20.99,1,15,12,27,51,1070.49,306.0,Balanced cover 14-30 days,26.5,224.85,314.85
44,Maven Toys Puebla 3,Puebla,Residential,8,Deck Of Cards,Games,3.99,6.99,1,33,18,151,153,1069.47,459.0,Balanced cover 14-30 days,19.4,131.67,230.67
20,Maven Toys Zacatecas 1,Zacatecas,Downtown,25,PlayDoh Can,Art & Crafts,1.99,2.99,1,92,115,226,355,1061.45,355.0,Balanced cover 14-30 days,23.3,183.08,275.08
16,Maven Toys San Luis Potosi 1,San Luis Potosi,Downtown,11,Etch A Sketch,Art & Crafts,10.99,20.99,1,12,0,30,50,1049.5,500.0,Balanced cover 14-30 days,21.6,131.88,251.88
21,Maven Toys Santiago 1,Santiago,Downtown,3,Barrel O' Slime,Art & Crafts,1.99,3.99,1,74,127,147,263,1049.37,526.0,Balanced cover 14-30 days,25.3,147.26,295.26
45,Maven Toys Ciudad de Mexico 4,Cuidad de Mexico,Commercial,25,PlayDoh Can,Art & Crafts,1.99,2.99,1,57,62,106,345,1031.55,345.0,Balanced cover 14-30 days,14.9,113.43,170.43
50,Maven Toys Guanajuato 3,Guanajuato,Residential,13,Gamer Headphones,Electronics,14.99,20.99,1,15,12,47,49,1028.51,294.0,Balanced cover 14-30 days,27.6,224.85,314.85
41,Maven Toys Hermosillo 2,Hermosillo,Downtown,21,Mini Ping Pong Set,Sports & Outdoors,6.99,9.99,1,29,31,38,102,1018.98,306.0,Balanced cover 14-30 days,25.6,202.71,289.71
1,Maven Toys Guadalajara 1,Guadalajara,Residential,25,PlayDoh Can,Art & Crafts,1.99,2.99,1,54,81,244,339,1013.61,339.0,Balanced cover 14-30 days,14.3,107.46,161.46
32,Maven Toys Hermosillo 1,Hermosillo,Residential,13,Gamer Headphones,Electronics,14.99,20.99,1,13,12,28,48,1007.52,288.0,Balanced cover 14-30 days,24.4,194.87,272.87
18,Maven Toys Merida 1,Merida,Downtown,25,PlayDoh Can,Art & Crafts,1.99,2.99,1,74,173,277,334,998.66,334.0,Balanced cover 14-30 days,19.9,147.26,221.26
21,Maven Toys Santiago 1,Santiago,Downtown,31,Splash Balls,Sports & Outdoors,7.99,8.99,1,19,29,46,111,997.89,111.0,Balanced cover 14-30 days,15.4,151.81,170.81
7,Maven Toys Monterrey 2,Monterrey,Downtown,4,Chutes & Ladders,Games,9.99,12.99,1,17,0,30,76,987.24,228.0,Balanced cover 14-30 days,20.1,169.83,220.83
46,Maven Toys Guadalajara 4,Guadalajara,Downtown,12,Foam Disk Launcher,Sports & Outdoors,8.99,11.99,1,13,0,42,82,983.18,246.0,Balanced cover 14-30 days,14.3,116.87,155.87
41,Maven Toys Hermosillo 2,Hermosillo,Downtown,3,Barrel O' Slime,Art & Crafts,1.99,3.99,1,63,36,82,244,973.56,488.0,Balanced cover 14-30 days,23.2,125.37,251.37
1,Maven Toys Guadalajara 1,Guadalajara,Residential,21,Mini Ping Pong Set,Sports & Outdoors,6.99,9.99,1,21,55,63,97,969.03,291.0,Balanced cover 14-30 days,19.5,146.79,209.79
18,Maven Toys Merida 1,Merida,Downtown,11,Etch A Sketch,Art & Crafts,10.99,20.99,1,12,28,43,46,965.54,460.0,Balanced cover 14-30 days,23.5,131.88,251.88
41,Maven Toys Hermosillo 2,Hermosillo,Downtown,23,Mr. Potatohead,Toys,4.99,9.99,1,19,0,41,96,959.04,480.0,Balanced cover 14-30 days,17.8,94.81,189.81
18,Maven Toys Merida 1,Merida,Downtown,3,Barrel O' Slime,Art & Crafts,1.99,3.99,1,64,82,152,239,953.61,478.0,Balanced cover 14-30 days,24.1,127.36,255.36
25,Maven Toys Ciudad Victoria 1,Ciudad Victoria,Downtown,3,Barrel O' Slime,Art & Crafts,1.99,3.99,1,43,129,157,238,949.62,476.0,Balanced cover 14-30 days,16.3,85.57,171.57
2,Maven Toys Monterrey 1,Monterrey,Residential,14,Glass Marbles,Games,5.99,10.99,1,21,47,86,86,945.14,430.0,Balanced cover 14-30 days,22.0,125.79,230.79
8,Maven Toys Pachuca 1,Pachuca,Downtown,6,Colorbuds,Electronics,6.99,14.99,1,12,9,28,63,944.37,504.0,Balanced cover 14-30 days,17.1,83.88,179.88
37,Maven Toys Ciudad de Mexico 3,Cuidad de Mexico,Residential,7,Dart Gun,Sports & Outdoors,11.99,15.99,1,16,32,59,59,943.41,236.0,Balanced cover 14-30 days,24.4,191.84,255.84
25,Maven Toys Ciudad Victoria 1,Ciudad Victoria,Downtown,28,Playfoam,Art & Crafts,3.99,10.99,1,16,40,84,84,923.16,588.0,Balanced cover 14-30 days,17.1,63.84,175.84
26,Maven Toys Campeche 2,Campeche,Commercial,25,PlayDoh Can,Art & Crafts,1.99,2.99,1,71,11,179,303,905.97,303.0,Balanced cover 14-30 days,21.1,141.29,212.29
24,Maven Toys Aguascalientes 1,Aguascalientes,Downtown,13,Gamer Headphones,Electronics,14.99,20.99,1,10,11,40,43,902.57,258.0,Balanced cover 14-30 days,20.9,149.9,209.9
42,Maven Toys Hermosillo 3,Hermosillo,Commercial,13,Gamer Headphones,Electronics,14.99,20.99,1,7,11,11,43,902.57,258.0,Balanced cover 14-30 days,14.7,104.93,146.93
11,Maven Toys Cuernavaca 1,Cuernavaca,Downtown,26,PlayDoh Playset,Art & Crafts,20.99,24.99,1,10,4,12,36,899.64,144.0,Balanced cover 14-30 days,25.0,209.9,249.9
50,Maven Toys Guanajuato 3,Guanajuato,Residential,23,Mr. Potatohead,Toys,4.99,9.99,1,23,20,36,89,889.11,445.0,Balanced cover 14-30 days,23.3,114.77,229.77
8,Maven Toys Pachuca 1,Pachuca,Downtown,25,PlayDoh Can,Art & Crafts,1.99,2.99,1,71,42,180,296,885.04,296.0,Balanced cover 14-30 days,21.6,141.29,212.29
32,Maven Toys Hermosillo 1,Hermosillo,Residential,15,Hot Wheels 5-Pack,Toys,3.99,5.99,1,27,52,94,147,880.53,294.0,Balanced cover 14-30 days,16.5,107.73,161.73
3,Maven Toys Guadalajara 2,Guadalajara,Commercial,1,Action Figure,Toys,9.99,15.99,1,17,34,44,55,879.45,330.0,Balanced cover 14-30 days,27.8,169.83,271.83
46,Maven Toys Guadalajara 4,Guadalajara,Downtown,9,Dino Egg,Toys,9.99,10.99,1,22,26,63,78,857.22,78.0,Balanced cover 14-30 days,25.4,219.78,241.78
23,Maven Toys Chihuahua 1,Chihuahua,Commercial,7,Dart Gun,Sports & Outdoors,11.99,15.99,1,11,41,53,53,847.47,212.0,Balanced cover 14-30 days,18.7,131.89,175.89
10,Maven Toys Campeche 1,Campeche,Downtown,11,Etch A Sketch,Art & Crafts,10.99,20.99,1,9,5,15,40,839.6,400.0,Balanced cover 14-30 days,20.3,98.91,188.91
23,Maven Toys Chihuahua 1,Chihuahua,Commercial,17,Kids Makeup Kit,Art & Crafts,13.99,19.99,1,9,21,27,42,839.58,252.0,Balanced cover 14-30 days,19.3,125.91,179.91
14,Maven Toys Guanajuato 1,Guanajuato,Downtown,7,Dart Gun,Sports & Outdoors,11.99,15.99,1,13,18,40,52,831.48,208.0,Balanced cover 14-30 days,22.5,155.87,207.87
37,Maven Toys Ciudad de Mexico 3,Cuidad de Mexico,Residential,6,Colorbuds,Electronics,6.99,14.99,1,17,26,29,55,824.45,440.0,Balanced cover 14-30 days,27.8,118.83,254.83
5,Maven Toys La Paz 1,La Paz,Downtown,14,Glass Marbles,Games,5.99,10.99,1,14,9,50,75,824.25,375.0,Balanced cover 14-30 days,16.8,83.86,153.86
48,Maven Toys Saltillo 2,Saltillo,Commercial,17,Kids Makeup Kit,Art & Crafts,13.99,19.99,1,9,25,26,41,819.59,246.0,Balanced cover 14-30 days,19.8,125.91,179.91
11,Maven Toys Cuernavaca 1,Cuernavaca,Downtown,23,Mr. Potatohead,Toys,4.99,9.99,1,23,20,57,82,819.18,410.0,Balanced cover 14-30 days,25.2,114.77,229.77
36,Maven Toys Morelia 1,Morelia,Downtown,26,PlayDoh Playset,Art & Crafts,20.99,24.99,1,7,11,32,32,799.68,128.0,Balanced cover 14-30 days,19.7,146.93,174.93
3,Maven Toys Guadalajara 2,Guadalajara,Commercial,25,PlayDoh Can,Art & Crafts,1.99,2.99,1,44,36,123,266,795.34,266.0,Balanced cover 14-30 days,14.9,87.56,131.56
33,Maven Toys Monterrey 3,Monterrey,Airport,12,Foam Disk Launcher,Sports & Outdoors,8.99,11.99,1,17,5,21,66,791.34,198.0,Balanced cover 14-30 days,23.2,152.83,203.83
11,Maven Toys Cuernavaca 1,Cuernavaca,Downtown,25,PlayDoh Can,Art & Crafts,1.99,2.99,1,70,95,114,263,786.37,263.0,Balanced cover 14-30 days,24.0,139.3,209.3
2,Maven Toys Monterrey 1,Monterrey,Residential,7,Dart Gun,Sports & Outdoors,11.99,15.99,1,14,22,49,49,783.51,196.0,Balanced cover 14-30 days,25.7,167.86,223.86
12,Maven Toys Chetumal 1,Chetumal,Downtown,34,Toy Robot,Electronics,20.99,25.99,1,9,7,23,30,779.7,150.0,Balanced cover 14-30 days,27.0,188.91,233.91
49,Maven Toys Culiacan 1,Culiacan,Downtown,29,Plush Pony,Toys,8.99,19.99,1,12,7,7,39,779.61,429.0,Balanced cover 14-30 days,27.7,107.88,239.88
29,Maven Toys Xalapa 1,Xalapa,Commercial,6,Colorbuds,Electronics,6.99,14.99,1,17,0,9,52,779.48,416.0,Balanced cover 14-30 days,29.4,118.83,254.83
23,Maven Toys Chihuahua 1,Chihuahua,Commercial,2,Animal Figures,Toys,9.99,12.99,1,11,10,40,60,779.4,180.0,Balanced cover 14-30 days,16.5,109.89,142.89
33,Maven Toys Monterrey 3,Monterrey,Airport,25,PlayDoh Can,Art & Crafts,1.99,2.99,1,57,67,182,260,777.4,260.0,Balanced cover 14-30 days,19.7,113.43,170.43
39,Maven Toys Xalapa 2,Xalapa,Downtown,26,PlayDoh Playset,Art & Crafts,20.99,24.99,1,8,12,15,31,774.69,124.0,Balanced cover 14-30 days,23.2,167.92,199.92
42,Maven Toys Hermosillo 3,Hermosillo,Commercial,14,Glass Marbles,Games,5.99,10.99,1,13,14,66,70,769.3,350.0,Balanced cover 14-30 days,16.7,77.87,142.87
8,Maven Toys Pachuca 1,Pachuca,Downtown,1,Action Figure,Toys,9.99,15.99,1,10,13,30,48,767.52,288.0,Balanced cover 14-30 days,18.8,99.9,159.9
42,Maven Toys Hermosillo 3,Hermosillo,Commercial,17,Kids Makeup Kit,Art & Crafts,13.99,19.99,1,11,5,38,38,759.62,228.0,Balanced cover 14-30 days,26.1,153.89,219.89
8,Maven Toys Pachuca 1,Pachuca,Downtown,31,Splash Balls,Sports & Outdoors,7.99,8.99,1,27,16,65,84,755.16,84.0,Balanced cover 14-30 days,28.9,215.73,242.73
14,Maven Toys Guanajuato 1,Guanajuato,Downtown,34,Toy Robot,Electronics,20.99,25.99,1,8,20,29,29,753.71,145.0,Balanced cover 14-30 days,24.8,167.92,207.92
19,Maven Toys Puebla 1,Puebla,Commercial,2,Animal Figures,Toys,9.99,12.99,1,14,5,30,58,753.42,174.0,Balanced cover 14-30 days,21.7,139.86,181.86
41,Maven Toys Hermosillo 2,Hermosillo,Downtown,33,Teddy Bear,Toys,10.99,12.99,1,13,29,58,58,753.42,116.0,Balanced cover 14-30 days,20.2,142.87,168.87
10,Maven Toys Campeche 1,Campeche,Downtown,7,Dart Gun,Sports & Outdoors,11.99,15.99,1,13,11,41,47,751.53,188.0,Balanced cover 14-30 days,24.9,155.87,207.87
45,Maven Toys Ciudad de Mexico 4,Cuidad de Mexico,Commercial,14,Glass Marbles,Games,5.99,10.99,1,18,18,18,68,747.32,340.0,Balanced cover 14-30 days,23.8,107.82,197.82
29,Maven Toys Xalapa 1,Xalapa,Commercial,7,Dart Gun,Sports & Outdoors,11.99,15.99,1,10,4,25,46,735.54,184.0,Balanced cover 14-30 days,19.6,119.9,159.9
35,Maven Toys Chilpancingo 1,Chilpancingo,Downtown,1,Action Figure,Toys,9.99,15.99,1,8,35,35,46,735.54,276.0,Balanced cover 14-30 days,15.7,79.92,127.92
3,Maven Toys Guadalajara 2,Guadalajara,Commercial,34,Toy Robot,Electronics,20.99,25.99,1,7,0,0,28,727.72,140.0,Balanced cover 14-30 days,22.5,146.93,181.93
15,Maven Toys Tuxtla Gutierrez 1,Tuxtla Gutierrez,Downtown,34,Toy Robot,Electronics,20.99,25.99,1,7,0,28,28,727.72,140.0,Balanced cover 14-30 days,22.5,146.93,181.93
38,Maven Toys Chihuahua 2,Chihuahua,Downtown,25,PlayDoh Can,Art & Crafts,1.99,2.99,1,57,89,134,241,720.59,241.0,Balanced cover 14-30 days,21.3,113.43,170.43
37,Maven Toys Ciudad de Mexico 3,Cuidad de Mexico,Residential,12,Foam Disk Launcher,Sports & Outdoors,8.99,11.99,1,11,44,60,60,719.4,180.0,Balanced cover 14-30 days,16.5,98.89,131.89
33,Maven Toys Monterrey 3,Monterrey,Airport,23,Mr. Potatohead,Toys,4.99,9.99,1,22,0,44,72,719.28,360.0,Balanced cover 14-30 days,27.5,109.78,219.78
6,Maven Toys Mexicali 1,Mexicali,Commercial,31,Splash Balls,Sports & Outdoors,7.99,8.99,1,17,58,80,80,719.2,80.0,Balanced cover 14-30 days,19.1,135.83,152.83
31,Maven Toys Ciudad de Mexico 2,Cuidad de Mexico,Airport,27,PlayDoh Toolkit,Art & Crafts,3.99,4.99,1,27,13,90,144,718.56,144.0,Balanced cover 14-30 days,16.9,107.73,134.73
11,Maven Toys Cuernavaca 1,Cuernavaca,Downtown,11,Etch A Sketch,Art & Crafts,10.99,20.99,1,9,21,21,34,713.66,340.0,Balanced cover 14-30 days,23.8,98.91,188.91
46,Maven Toys Guadalajara 4,Guadalajara,Downtown,31,Splash Balls,Sports & Outdoors,7.99,8.99,1,13,8,47,79,710.21,79.0,Balanced cover 14-30 days,14.8,103.87,116.87
45,Maven Toys Ciudad de Mexico 4,Cuidad de Mexico,Commercial,23,Mr. Potatohead,Toys,4.99,9.99,1,16,15,45,71,709.29,355.0,Balanced cover 14-30 days,20.3,79.84,159.84
42,Maven Toys Hermosillo 3,Hermosillo,Commercial,25,PlayDoh Can,Art & Crafts,1.99,2.99,1,46,56,171,235,702.65,235.0,Balanced cover 14-30 days,17.6,91.54,137.54
6,Maven Toys Mexicali 1,Mexicali,Commercial,34,Toy Robot,Electronics,20.99,25.99,1,8,9,13,27,701.73,135.0,Balanced cover 14-30 days,26.7,167.92,207.92
6,Maven Toys Mexicali 1,Mexicali,Commercial,25,PlayDoh Can,Art & Crafts,1.99,2.99,1,62,108,148,232,693.68,232.0,Balanced cover 14-30 days,24.1,123.38,185.38
15,Maven Toys Tuxtla Gutierrez 1,Tuxtla Gutierrez,Downtown,25,PlayDoh Can,Art & Crafts,1.99,2.99,1,43,120,165,232,693.68,232.0,Balanced cover 14-30 days,16.7,85.57,128.57
2,Maven Toys Monterrey 1,Monterrey,Residential,10,Dinosaur Figures,Toys,10.99,14.99,1,10,14,25,46,689.54,184.0,Balanced cover 14-30 days,19.6,109.9,149.9
8,Maven Toys Pachuca 1,Pachuca,Downtown,33,Teddy Bear,Toys,10.99,12.99,1,17,17,17,52,675.48,104.0,Balanced cover 14-30 days,29.4,186.83,220.83
3,Maven Toys Guadalajara 2,Guadalajara,Commercial,13,Gamer Headphones,Electronics,14.99,20.99,1,8,1,11,32,671.68,192.0,Balanced cover 14-30 days,22.5,119.92,167.92
3,Maven Toys Guadalajara 2,Guadalajara,Commercial,28,Playfoam,Art & Crafts,3.99,10.99,1,10,48,61,61,670.39,427.0,Balanced cover 14-30 days,14.8,39.9,109.9
24,Maven Toys Aguascalientes 1,Aguascalientes,Downtown,25,PlayDoh Can,Art & Crafts,1.99,2.99,1,48,64,152,224,669.76,224.0,Balanced cover 14-30 days,19.3,95.52,143.52
16,Maven Toys San Luis Potosi 1,San Luis Potosi,Downtown,22,Monopoly,Games,13.99,19.99,1,9,23,33,33,659.67,198.0,Balanced cover 14-30 days,24.5,125.91,179.91
32,Maven Toys Hermosillo 1,Hermosillo,Residential,32,Supersoaker Water Gun,Sports & Outdoors,11.99,14.99,1,8,11,14,44,659.56,132.0,Balanced cover 14-30 days,16.4,95.92,119.92
10,Maven Toys Campeche 1,Campeche,Downtown,12,Foam Disk Launcher,Sports & Outdoors,8.99,11.99,1,15,0,24,55,659.45,165.0,Balanced cover 14-30 days,24.5,134.85,179.85
5,Maven Toys La Paz 1,La Paz,Downtown,1,Action Figure,Toys,9.99,15.99,1,8,13,31,41,655.59,246.0,Balanced cover 14-30 days,17.6,79.92,127.92
16,Maven Toys San Luis Potosi 1,San Luis Potosi,Downtown,1,Action Figure,Toys,9.99,15.99,1,13,15,32,41,655.59,246.0,Balanced cover 14-30 days,28.5,129.87,207.87
7,Maven Toys Monterrey 2,Monterrey,Downtown,20,Mini Basketball Hoop,Sports & Outdoors,8.99,24.99,1,7,0,4,26,649.74,416.0,Balanced cover 14-30 days,24.2,62.93,174.93
26,Maven Toys Campeche 2,Campeche,Commercial,2,Animal Figures,Toys,9.99,12.99,1,15,0,5,50,649.5,150.0,Balanced cover 14-30 days,27.0,149.85,194.85
23,Maven Toys Chihuahua 1,Chihuahua,Commercial,31,Splash Balls,Sports & Outdoors,7.99,8.99,1,19,5,41,72,647.28,72.0,Balanced cover 14-30 days,23.8,151.81,170.81
38,Maven Toys Chihuahua 2,Chihuahua,Downtown,31,Splash Balls,Sports & Outdoors,7.99,8.99,1,17,3,13,72,647.28,72.0,Balanced cover 14-30 days,21.3,135.83,152.83
45,Maven Toys Ciudad de Mexico 4,Cuidad de Mexico,Commercial,15,Hot Wheels 5-Pack,Toys,3.99,5.99,1,19,4,42,107,640.93,214.0,Balanced cover 14-30 days,16.0,75.81,113.81
42,Maven Toys Hermosillo 3,Hermosillo,Commercial,1,Action Figure,Toys,9.99,15.99,1,8,10,16,40,639.6,240.0,Balanced cover 14-30 days,18.0,79.92,127.92
47,Maven Toys Monterrey 4,Monterrey,Commercial,1,Action Figure,Toys,9.99,15.99,1,11,13,37,40,639.6,240.0,Balanced cover 14-30 days,24.8,109.89,175.89
37,Maven Toys Ciudad de Mexico 3,Cuidad de Mexico,Residential,25,PlayDoh Can,Art & Crafts,1.99,2.99,1,34,46,153,209,624.91,209.0,Balanced cover 14-30 days,14.6,67.66,101.66
43,Maven Toys Durango 1,Durango,Downtown,26,PlayDoh Playset,Art & Crafts,20.99,24.99,1,6,3,10,25,624.75,100.0,Balanced cover 14-30 days,21.6,125.94,149.94
37,Maven Toys Ciudad de Mexico 3,Cuidad de Mexico,Residential,29,Plush Pony,Toys,8.99,19.99,1,5,0,8,31,619.69,341.0,Balanced cover 14-30 days,14.5,44.95,99.95
31,Maven Toys Ciudad de Mexico 2,Cuidad de Mexico,Airport,14,Glass Marbles,Games,5.99,10.99,1,9,0,31,56,615.44,280.0,Balanced cover 14-30 days,14.5,53.91,98.91
21,Maven Toys Santiago 1,Santiago,Downtown,7,Dart Gun,Sports & Outdoors,11.99,15.99,1,8,29,30,37,591.63,148.0,Balanced cover 14-30 days,19.5,95.92,127.92
49,Maven Toys Culiacan 1,Culiacan,Downtown,32,Supersoaker Water Gun,Sports & Outdoors,11.99,14.99,1,11,0,3,39,584.61,117.0,Balanced cover 14-30 days,25.4,131.89,164.89
9,Maven Toys Ciudad de Mexico 1,Cuidad de Mexico,Downtown,33,Teddy Bear,Toys,10.99,12.99,1,9,7,26,45,584.55,90.0,Balanced cover 14-30 days,18.0,98.91,116.91
23,Maven Toys Chihuahua 1,Chihuahua,Commercial,25,PlayDoh Can,Art & Crafts,1.99,2.99,1,38,62,77,194,580.06,194.0,Balanced cover 14-30 days,17.6,75.62,113.62
24,Maven Toys Aguascalientes 1,Aguascalientes,Downtown,31,Splash Balls,Sports & Outdoors,7.99,8.99,1,10,24,47,64,575.36,64.0,Balanced cover 14-30 days,14.1,79.9,89.9
42,Maven Toys Hermosillo 3,Hermosillo,Commercial,31,Splash Balls,Sports & Outdoors,7.99,8.99,1,11,5,43,64,575.36,64.0,Balanced cover 14-30 days,15.5,87.89,98.89
48,Maven Toys Saltillo 2,Saltillo,Commercial,3,Barrel O' Slime,Art & Crafts,1.99,3.99,1,35,63,90,144,574.56,288.0,Balanced cover 14-30 days,21.9,69.65,139.65
49,Maven Toys Culiacan 1,Culiacan,Downtown,27,PlayDoh Toolkit,Art & Crafts,3.99,4.99,1,32,28,80,114,568.86,114.0,Balanced cover 14-30 days,25.3,127.68,159.68
8,Maven Toys Pachuca 1,Pachuca,Downtown,2,Animal Figures,Toys,9.99,12.99,1,11,15,43,43,558.57,129.0,Balanced cover 14-30 days,23.0,109.89,142.89
4,Maven Toys Saltillo 1,Saltillo,Downtown,32,Supersoaker Water Gun,Sports & Outdoors,11.99,14.99,1,6,20,20,37,554.63,111.0,Balanced cover 14-30 days,14.6,71.94,89.94
21,Maven Toys Santiago 1,Santiago,Downtown,6,Colorbuds,Electronics,6.99,14.99,1,10,15,32,37,554.63,296.0,Balanced cover 14-30 days,24.3,69.9,149.9
11,Maven Toys Cuernavaca 1,Cuernavaca,Downtown,27,PlayDoh Toolkit,Art & Crafts,3.99,4.99,1,28,29,80,111,553.89,111.0,Balanced cover 14-30 days,22.7,111.72,139.72
31,Maven Toys Ciudad de Mexico 2,Cuidad de Mexico,Airport,28,Playfoam,Art & Crafts,3.99,10.99,1,10,27,49,49,538.51,343.0,Balanced cover 14-30 days,18.4,39.9,109.9
29,Maven Toys Xalapa 1,Xalapa,Commercial,15,Hot Wheels 5-Pack,Toys,3.99,5.99,1,18,13,14,89,533.11,178.0,Balanced cover 14-30 days,18.2,71.82,107.82
23,Maven Toys Chihuahua 1,Chihuahua,Commercial,12,Foam Disk Launcher,Sports & Outdoors,8.99,11.99,1,14,30,30,44,527.56,132.0,Balanced cover 14-30 days,28.6,125.86,167.86
12,Maven Toys Chetumal 1,Chetumal,Downtown,11,Etch A Sketch,Art & Crafts,10.99,20.99,1,8,14,25,25,524.75,250.0,Balanced cover 14-30 days,28.8,87.92,167.92
50,Maven Toys Guanajuato 3,Guanajuato,Residential,15,Hot Wheels 5-Pack,Toys,3.99,5.99,1,16,16,50,87,521.13,174.0,Balanced cover 14-30 days,16.6,63.84,95.84
4,Maven Toys Saltillo 1,Saltillo,Downtown,22,Monopoly,Games,13.99,19.99,1,5,0,0,26,519.74,156.0,Balanced cover 14-30 days,17.3,69.95,99.95
21,Maven Toys Santiago 1,Santiago,Downtown,29,Plush Pony,Toys,8.99,19.99,1,8,0,19,26,519.74,286.0,Balanced cover 14-30 days,27.7,71.92,159.92
47,Maven Toys Monterrey 4,Monterrey,Commercial,14,Glass Marbles,Games,5.99,10.99,1,11,5,16,47,516.53,235.0,Balanced cover 14-30 days,21.1,65.89,120.89
30,Maven Toys Guadalajara 3,Guadalajara,Airport,27,PlayDoh Toolkit,Art & Crafts,3.99,4.99,1,29,37,38,101,503.99,101.0,Balanced cover 14-30 days,25.8,115.71,144.71
40,Maven Toys Toluca 2,Toluca,Commercial,34,Toy Robot,Electronics,20.99,25.99,1,5,0,19,19,493.81,95.0,Balanced cover 14-30 days,23.7,104.95,129.95
30,Maven Toys Guadalajara 3,Guadalajara,Airport,33,Teddy Bear,Toys,10.99,12.99,1,10,15,20,38,493.62,76.0,Balanced cover 14-30 days,23.7,109.9,129.9
25,Maven Toys Ciudad Victoria 1,Ciudad Victoria,Downtown,27,PlayDoh Toolkit,Art & Crafts,3.99,4.99,1,29,56,82,97,484.03,97.0,Balanced cover 14-30 days,26.9,115.71,144.71
38,Maven Toys Chihuahua 2,Chihuahua,Downtown,14,Glass Marbles,Games,5.99,10.99,1,7,27,27,44,483.56,220.0,Balanced cover 14-30 days,14.3,41.93,76.93
7,Maven Toys Monterrey 2,Monterrey,Downtown,22,Monopoly,Games,13.99,19.99,1,8,12,20,24,479.76,144.0,Balanced cover 14-30 days,30.0,111.92,159.92
25,Maven Toys Ciudad Victoria 1,Ciudad Victoria,Downtown,15,Hot Wheels 5-Pack,Toys,3.99,5.99,1,13,12,31,79,473.21,158.0,Balanced cover 14-30 days,14.8,51.87,77.87
22,Maven Toys Guanajuato 2,Guanajuato,Commercial,34,Toy Robot,Electronics,20.99,25.99,1,6,7,7,18,467.82,90.0,Balanced cover 14-30 days,30.0,125.94,155.94
41,Maven Toys Hermosillo 2,Hermosillo,Downtown,5,Classic Dominoes,Games,7.99,9.99,1,8,21,36,46,459.54,92.0,Balanced cover 14-30 days,15.7,63.92,79.92
29,Maven Toys Xalapa 1,Xalapa,Commercial,27,PlayDoh Toolkit,Art & Crafts,3.99,4.99,1,27,18,36,91,454.09,91.0,Balanced cover 14-30 days,26.7,107.73,134.73
46,Maven Toys Guadalajara 4,Guadalajara,Downtown,13,Gamer Headphones,Electronics,14.99,20.99,1,6,0,21,21,440.79,126.0,Balanced cover 14-30 days,25.7,89.94,125.94
39,Maven Toys Xalapa 2,Xalapa,Downtown,27,PlayDoh Toolkit,Art & Crafts,3.99,4.99,1,16,21,49,88,439.12,88.0,Balanced cover 14-30 days,16.4,63.84,79.84
29,Maven Toys Xalapa 1,Xalapa,Commercial,25,PlayDoh Can,Art & Crafts,1.99,2.99,1,47,44,82,146,436.54,146.0,Balanced cover 14-30 days,29.0,93.53,140.53
34,Maven Toys Villahermosa 1,Villahermosa,Downtown,12,Foam Disk Launcher,Sports & Outdoors,8.99,11.99,1,6,0,1,36,431.64,108.0,Balanced cover 14-30 days,15.0,53.94,71.94
41,Maven Toys Hermosillo 2,Hermosillo,Downtown,27,PlayDoh Toolkit,Art & Crafts,3.99,4.99,1,25,13,75,86,429.14,86.0,Balanced cover 14-30 days,26.2,99.75,124.75
26,Maven Toys Campeche 2,Campeche,Commercial,15,Hot Wheels 5-Pack,Toys,3.99,5.99,1,20,0,50,69,413.31,138.0,Balanced cover 14-30 days,26.1,79.8,119.8
25,Maven Toys Ciudad Victoria 1,Ciudad Victoria,Downtown,26,PlayDoh Playset,Art & Crafts,20.99,24.99,1,3,5,5,16,399.84,64.0,Balanced cover 14-30 days,16.9,62.97,74.97
9,Maven Toys Ciudad de Mexico 1,Cuidad de Mexico,Downtown,28,Playfoam,Art & Crafts,3.99,10.99,1,9,8,36,36,395.64,252.0,Balanced cover 14-30 days,22.5,35.91,98.91
18,Maven Toys Merida 1,Merida,Downtown,5,Classic Dominoes,Games,7.99,9.99,1,7,8,26,39,389.61,78.0,Balanced cover 14-30 days,16.2,55.93,69.93
20,Maven Toys Zacatecas 1,Zacatecas,Downtown,23,Mr. Potatohead,Toys,4.99,9.99,1,12,0,6,39,389.61,195.0,Balanced cover 14-30 days,27.7,59.88,119.88
43,Maven Toys Durango 1,Durango,Downtown,21,Mini Ping Pong Set,Sports & Outdoors,6.99,9.99,1,9,21,21,38,379.62,114.0,Balanced cover 14-30 days,21.3,62.91,89.91
43,Maven Toys Durango 1,Durango,Downtown,33,Teddy Bear,Toys,10.99,12.99,1,5,0,23,28,363.72,56.0,Balanced cover 14-30 days,16.1,54.95,64.95
6,Maven Toys Mexicali 1,Mexicali,Commercial,22,Monopoly,Games,13.99,19.99,1,5,0,0,18,359.82,108.0,Balanced cover 14-30 days,25.0,69.95,99.95
13,Maven Toys Mexicali 2,Mexicali,Downtown,23,Mr. Potatohead,Toys,4.99,9.99,1,6,10,26,36,359.64,180.0,Balanced cover 14-30 days,15.0,29.94,59.94
1,Maven Toys Guadalajara 1,Guadalajara,Residential,4,Chutes & Ladders,Games,9.99,12.99,1,6,18,18,27,350.73,81.0,Balanced cover 14-30 days,20.0,59.94,77.94
25,Maven Toys Ciudad Victoria 1,Ciudad Victoria,Downtown,23,Mr. Potatohead,Toys,4.99,9.99,1,10,0,28,35,349.65,175.0,Balanced cover 14-30 days,25.7,49.9,99.9
11,Maven Toys Cuernavaca 1,Cuernavaca,Downtown,29,Plush Pony,Toys,8.99,19.99,1,4,17,17,17,339.83,187.0,Balanced cover 14-30 days,21.2,35.96,79.96
2,Maven Toys Monterrey 1,Monterrey,Residential,23,Mr. Potatohead,Toys,4.99,9.99,1,8,0,11,34,339.66,170.0,Balanced cover 14-30 days,21.2,39.92,79.92
5,Maven Toys La Paz 1,La Paz,Downtown,23,Mr. Potatohead,Toys,4.99,9.99,1,11,0,13,34,339.66,170.0,Balanced cover 14-30 days,29.1,54.89,109.89
15,Maven Toys Tuxtla Gutierrez 1,Tuxtla Gutierrez,Downtown,33,Teddy Bear,Toys,10.99,12.99,1,8,0,4,26,337.74,52.0,Balanced cover 14-30 days,27.7,87.92,103.92
18,Maven Toys Merida 1,Merida,Downtown,35,Uno Card Game,Games,3.99,7.99,1,10,0,0,42,335.58,168.0,Balanced cover 14-30 days,21.4,39.9,79.9
39,Maven Toys Xalapa 2,Xalapa,Downtown,32,Supersoaker Water Gun,Sports & Outdoors,11.99,14.99,1,5,0,12,22,329.78,66.0,Balanced cover 14-30 days,20.5,59.95,74.95
19,Maven Toys Puebla 1,Puebla,Commercial,23,Mr. Potatohead,Toys,4.99,9.99,1,10,13,23,33,329.67,165.0,Balanced cover 14-30 days,27.3,49.9,99.9
35,Maven Toys Chilpancingo 1,Chilpancingo,Downtown,13,Gamer Headphones,Electronics,14.99,20.99,1,3,4,10,15,314.85,90.0,Balanced cover 14-30 days,18.0,44.97,62.97
19,Maven Toys Puebla 1,Puebla,Commercial,32,Supersoaker Water Gun,Sports & Outdoors,11.99,14.99,1,5,0,19,21,314.79,63.0,Balanced cover 14-30 days,21.4,59.95,74.95
47,Maven Toys Monterrey 4,Monterrey,Commercial,32,Supersoaker Water Gun,Sports & Outdoors,11.99,14.99,1,6,15,21,21,314.79,63.0,Balanced cover 14-30 days,25.7,71.94,89.94
22,Maven Toys Guanajuato 2,Guanajuato,Commercial,4,Chutes & Ladders,Games,9.99,12.99,1,6,11,20,24,311.76,72.0,Balanced cover 14-30 days,22.5,59.94,77.94
6,Maven Toys Mexicali 1,Mexicali,Commercial,15,Hot Wheels 5-Pack,Toys,3.99,5.99,1,11,15,15,51,305.49,102.0,Balanced cover 14-30 days,19.4,43.89,65.89
28,Maven Toys Puebla 2,Puebla,Downtown,12,Foam Disk Launcher,Sports & Outdoors,8.99,11.99,1,4,15,25,25,299.75,75.0,Balanced cover 14-30 days,14.4,35.96,47.96
4,Maven Toys Saltillo 1,Saltillo,Downtown,27,PlayDoh Toolkit,Art & Crafts,3.99,4.99,1,19,16,47,59,294.41,59.0,Balanced cover 14-30 days,29.0,75.81,94.81
22,Maven Toys Guanajuato 2,Guanajuato,Commercial,23,Mr. Potatohead,Toys,4.99,9.99,1,7,0,17,29,289.71,145.0,Balanced cover 14-30 days,21.7,34.93,69.93
23,Maven Toys Chihuahua 1,Chihuahua,Commercial,23,Mr. Potatohead,Toys,4.99,9.99,1,8,0,5,29,289.71,145.0,Balanced cover 14-30 days,24.8,39.92,79.92
35,Maven Toys Chilpancingo 1,Chilpancingo,Downtown,21,Mini Ping Pong Set,Sports & Outdoors,6.99,9.99,1,6,5,26,29,289.71,87.0,Balanced cover 14-30 days,18.6,41.94,59.94
19,Maven Toys Puebla 1,Puebla,Commercial,28,Playfoam,Art & Crafts,3.99,10.99,1,6,3,26,26,285.74,182.0,Balanced cover 14-30 days,20.8,23.94,65.94
35,Maven Toys Chilpancingo 1,Chilpancingo,Downtown,27,PlayDoh Toolkit,Art & Crafts,3.99,4.99,1,16,9,42,57,284.43,57.0,Balanced cover 14-30 days,25.3,63.84,79.84
17,Maven Toys Toluca 1,Toluca,Downtown,15,Hot Wheels 5-Pack,Toys,3.99,5.99,1,11,13,13,47,281.53,94.0,Balanced cover 14-30 days,21.1,43.89,65.89
34,Maven Toys Villahermosa 1,Villahermosa,Downtown,15,Hot Wheels 5-Pack,Toys,3.99,5.99,1,10,15,28,47,281.53,94.0,Balanced cover 14-30 days,19.1,39.9,59.9
29,Maven Toys Xalapa 1,Xalapa,Commercial,14,Glass Marbles,Games,5.99,10.99,1,5,14,14,25,274.75,125.0,Balanced cover 14-30 days,18.0,29.95,54.95
16,Maven Toys San Luis Potosi 1,San Luis Potosi,Downtown,35,Uno Card Game,Games,3.99,7.99,1,6,33,33,33,263.67,132.0,Balanced cover 14-30 days,16.4,23.94,47.94
16,Maven Toys San Luis Potosi 1,San Luis Potosi,Downtown,27,PlayDoh Toolkit,Art & Crafts,3.99,4.99,1,15,21,51,51,254.49,51.0,Balanced cover 14-30 days,26.5,59.85,74.85
18,Maven Toys Merida 1,Merida,Downtown,20,Mini Basketball Hoop,Sports & Outdoors,8.99,24.99,1,3,0,10,10,249.9,160.0,Balanced cover 14-30 days,27.0,26.97,74.97
36,Maven Toys Morelia 1,Morelia,Downtown,28,Playfoam,Art & Crafts,3.99,10.99,1,7,22,22,22,241.78,154.0,Balanced cover 14-30 days,28.6,27.93,76.93
29,Maven Toys Xalapa 1,Xalapa,Commercial,12,Foam Disk Launcher,Sports & Outdoors,8.99,11.99,1,6,0,4,20,239.8,60.0,Balanced cover 14-30 days,27.0,53.94,71.94
38,Maven Toys Chihuahua 2,Chihuahua,Downtown,11,Etch A Sketch,Art & Crafts,10.99,20.99,1,2,3,3,11,230.89,110.0,Balanced cover 14-30 days,16.4,21.98,41.98
20,Maven Toys Zacatecas 1,Zacatecas,Downtown,12,Foam Disk Launcher,Sports & Outdoors,8.99,11.99,1,4,0,8,19,227.81,57.0,Balanced cover 14-30 days,18.9,35.96,47.96
45,Maven Toys Ciudad de Mexico 4,Cuidad de Mexico,Commercial,27,PlayDoh Toolkit,Art & Crafts,3.99,4.99,1,14,11,34,45,224.55,45.0,Balanced cover 14-30 days,28.0,55.86,69.86
33,Maven Toys Monterrey 3,Monterrey,Airport,7,Dart Gun,Sports & Outdoors,11.99,15.99,1,4,12,12,14,223.86,56.0,Balanced cover 14-30 days,25.7,47.96,63.96
4,Maven Toys Saltillo 1,Saltillo,Downtown,17,Kids Makeup Kit,Art & Crafts,13.99,19.99,1,2,11,11,11,219.89,66.0,Balanced cover 14-30 days,16.4,27.98,39.98
26,Maven Toys Campeche 2,Campeche,Commercial,29,Plush Pony,Toys,8.99,19.99,1,3,0,0,11,219.89,121.0,Balanced cover 14-30 days,24.5,26.97,59.97
34,Maven Toys Villahermosa 1,Villahermosa,Downtown,16,Jenga,Games,2.99,9.99,1,7,9,22,22,219.78,154.0,Balanced cover 14-30 days,28.6,20.93,69.93
45,Maven Toys Ciudad de Mexico 4,Cuidad de Mexico,Commercial,31,Splash Balls,Sports & Outdoors,7.99,8.99,1,6,7,13,24,215.76,24.0,Balanced cover 14-30 days,22.5,47.94,53.94
39,Maven Toys Xalapa 2,Xalapa,Downtown,23,Mr. Potatohead,Toys,4.99,9.99,1,5,16,16,21,209.79,105.0,Balanced cover 14-30 days,21.4,24.95,49.95
24,Maven Toys Aguascalientes 1,Aguascalientes,Downtown,33,Teddy Bear,Toys,10.99,12.99,1,4,9,16,16,207.84,32.0,Balanced cover 14-30 days,22.5,43.96,51.96
8,Maven Toys Pachuca 1,Pachuca,Downtown,35,Uno Card Game,Games,3.99,7.99,1,8,0,15,25,199.75,100.0,Balanced cover 14-30 days,28.8,31.92,63.92
1,Maven Toys Guadalajara 1,Guadalajara,Residential,14,Glass Marbles,Games,5.99,10.99,1,3,18,18,18,197.82,90.0,Balanced cover 14-30 days,15.0,17.97,32.97
3,Maven Toys Guadalajara 2,Guadalajara,Commercial,33,Teddy Bear,Toys,10.99,12.99,1,4,0,0,15,194.85,30.0,Balanced cover 14-30 days,24.0,43.96,51.96
34,Maven Toys Villahermosa 1,Villahermosa,Downtown,27,PlayDoh Toolkit,Art & Crafts,3.99,4.99,1,12,5,27,39,194.61,39.0,Balanced cover 14-30 days,27.7,47.88,59.88
7,Maven Toys Monterrey 2,Monterrey,Downtown,16,Jenga,Games,2.99,9.99,1,6,0,12,19,189.81,133.0,Balanced cover 14-30 days,28.4,17.94,59.94
23,Maven Toys Chihuahua 1,Chihuahua,Commercial,4,Chutes & Ladders,Games,9.99,12.99,1,3,0,14,14,181.86,42.0,Balanced cover 14-30 days,19.3,29.97,38.97
3,Maven Toys Guadalajara 2,Guadalajara,Commercial,12,Foam Disk Launcher,Sports & Outdoors,8.99,11.99,1,4,0,7,15,179.85,45.0,Balanced cover 14-30 days,24.0,35.96,47.96
32,Maven Toys Hermosillo 1,Hermosillo,Residential,12,Foam Disk Launcher,Sports & Outdoors,8.99,11.99,1,4,12,15,15,179.85,45.0,Balanced cover 14-30 days,24.0,35.96,47.96
23,Maven Toys Chihuahua 1,Chihuahua,Commercial,27,PlayDoh Toolkit,Art & Crafts,3.99,4.99,1,7,7,13,35,174.65,35.0,Balanced cover 14-30 days,18.0,27.93,34.93
21,Maven Toys Santiago 1,Santiago,Downtown,15,Hot Wheels 5-Pack,Toys,3.99,5.99,1,9,29,29,29,173.71,58.0,Balanced cover 14-30 days,27.9,35.91,53.91
9,Maven Toys Ciudad de Mexico 1,Cuidad de Mexico,Downtown,35,Uno Card Game,Games,3.99,7.99,1,4,0,11,21,167.79,84.0,Balanced cover 14-30 days,17.1,15.96,31.96
25,Maven Toys Ciudad Victoria 1,Ciudad Victoria,Downtown,33,Teddy Bear,Toys,10.99,12.99,1,4,0,0,12,155.88,24.0,Balanced cover 14-30 days,30.0,43.96,51.96
25,Maven Toys Ciudad Victoria 1,Ciudad Victoria,Downtown,21,Mini Ping Pong Set,Sports & Outdoors,6.99,9.99,1,5,8,8,15,149.85,45.0,Balanced cover 14-30 days,30.0,34.95,49.95
26,Maven Toys Campeche 2,Campeche,Commercial,27,PlayDoh Toolkit,Art & Crafts,3.99,4.99,1,8,10,10,30,149.7,30.0,Balanced cover 14-30 days,24.0,31.92,39.92
6,Maven Toys Mexicali 1,Mexicali,Commercial,35,Uno Card Game,Games,3.99,7.99,1,3,18,18,18,143.82,72.0,Balanced cover 14-30 days,15.0,11.97,23.97
26,Maven Toys Campeche 2,Campeche,Commercial,33,Teddy Bear,Toys,10.99,12.99,1,2,0,0,11,142.89,22.0,Balanced cover 14-30 days,16.4,21.98,25.98
21,Maven Toys Santiago 1,Santiago,Downtown,32,Supersoaker Water Gun,Sports & Outdoors,11.99,14.99,1,3,0,9,9,134.91,27.0,Balanced cover 14-30 days,30.0,35.97,44.97
26,Maven Toys Campeche 2,Campeche,Commercial,14,Glass Marbles,Games,5.99,10.99,1,2,8,8,12,131.88,60.0,Balanced cover 14-30 days,15.0,11.98,21.98
19,Maven Toys Puebla 1,Puebla,Commercial,16,Jenga,Games,2.99,9.99,1,2,0,6,12,119.88,84.0,Balanced cover 14-30 days,15.0,5.98,19.98
22,Maven Toys Guanajuato 2,Guanajuato,Commercial,16,Jenga,Games,2.99,9.99,1,3,6,12,12,119.88,84.0,Balanced cover 14-30 days,22.5,8.97,29.97
10,Maven Toys Campeche 1,Campeche,Downtown,35,Uno Card Game,Games,3.99,7.99,1,2,0,7,10,79.9,40.0,Balanced cover 14-30 days,18.0,7.98,15.98
24,Maven Toys Aguascalientes 1,Aguascalientes,Downtown,4,Chutes & Ladders,Games,9.99,12.99,1,1,0,0,5,64.95,15.0,Balanced cover 14-30 days,18.0,9.99,12.99
50,Maven Toys Guanajuato 3,Guanajuato,Residential,33,Teddy Bear,Toys,10.99,12.99,1,1,0,2,5,64.95,10.0,Balanced cover 14-30 days,18.0,10.99,12.99
44,Maven Toys Puebla 3,Puebla,Residential,18,Lego Bricks,Toys,34.99,39.99,1,117,115,189,257,10277.43,1285.0,High cover over 30 days,41.0,4093.83,4678.83
49,Maven Toys Culiacan 1,Culiacan,Downtown,18,Lego Bricks,Toys,34.99,39.99,1,36,4,44,103,4118.97,515.0,High cover over 30 days,31.5,1259.64,1439.64
13,Maven Toys Mexicali 2,Mexicali,Downtown,10,Dinosaur Figures,Toys,10.99,14.99,1,84,71,133,222,3327.78,888.0,High cover over 30 days,34.1,923.16,1259.16
26,Maven Toys Campeche 2,Campeche,Commercial,19,Magic Sand,Art & Crafts,13.99,15.99,1,90,82,154,204,3261.96,408.0,High cover over 30 days,39.7,1259.1,1439.1
38,Maven Toys Chihuahua 2,Chihuahua,Downtown,7,Dart Gun,Sports & Outdoors,11.99,15.99,1,84,1,137,201,3213.99,804.0,High cover over 30 days,37.6,1007.16,1343.16
24,Maven Toys Aguascalientes 1,Aguascalientes,Downtown,19,Magic Sand,Art & Crafts,13.99,15.99,1,67,104,138,189,3022.11,378.0,High cover over 30 days,31.9,937.33,1071.33
35,Maven Toys Chilpancingo 1,Chilpancingo,Downtown,10,Dinosaur Figures,Toys,10.99,14.99,1,86,44,127,192,2878.08,768.0,High cover over 30 days,40.3,945.14,1289.14
41,Maven Toys Hermosillo 2,Hermosillo,Downtown,10,Dinosaur Figures,Toys,10.99,14.99,1,94,51,147,187,2803.13,748.0,High cover over 30 days,45.2,1033.06,1409.06
34,Maven Toys Villahermosa 1,Villahermosa,Downtown,30,Rubik's Cube,Games,17.99,19.99,1,53,39,84,133,2658.67,266.0,High cover over 30 days,35.9,953.47,1059.47
10,Maven Toys Campeche 1,Campeche,Downtown,19,Magic Sand,Art & Crafts,13.99,15.99,1,57,70,96,162,2590.38,324.0,High cover over 30 days,31.7,797.43,911.43
33,Maven Toys Monterrey 3,Monterrey,Airport,19,Magic Sand,Art & Crafts,13.99,15.99,1,61,42,70,155,2478.45,310.0,High cover over 30 days,35.4,853.39,975.39
3,Maven Toys Guadalajara 2,Guadalajara,Commercial,30,Rubik's Cube,Games,17.99,19.99,1,43,27,65,120,2398.8,240.0,High cover over 30 days,32.3,773.57,859.57
41,Maven Toys Hermosillo 2,Hermosillo,Downtown,30,Rubik's Cube,Games,17.99,19.99,1,74,40,86,120,2398.8,240.0,High cover over 30 days,55.5,1331.26,1479.26
39,Maven Toys Xalapa 2,Xalapa,Downtown,24,Nerf Gun,Sports & Outdoors,14.99,19.99,1,58,29,61,117,2338.83,585.0,High cover over 30 days,44.6,869.42,1159.42
9,Maven Toys Ciudad de Mexico 1,Cuidad de Mexico,Downtown,6,Colorbuds,Electronics,6.99,14.99,1,55,40,82,146,2188.54,1168.0,High cover over 30 days,33.9,384.45,824.45
2,Maven Toys Monterrey 1,Monterrey,Residential,30,Rubik's Cube,Games,17.99,19.99,1,50,90,97,103,2058.97,206.0,High cover over 30 days,43.7,899.5,999.5
34,Maven Toys Villahermosa 1,Villahermosa,Downtown,10,Dinosaur Figures,Toys,10.99,14.99,1,57,43,85,137,2053.63,548.0,High cover over 30 days,37.4,626.43,854.43
30,Maven Toys Guadalajara 3,Guadalajara,Airport,8,Deck Of Cards,Games,3.99,6.99,1,110,124,242,279,1950.21,837.0,High cover over 30 days,35.5,438.9,768.9
29,Maven Toys Xalapa 1,Xalapa,Commercial,10,Dinosaur Figures,Toys,10.99,14.99,1,45,47,73,130,1948.7,520.0,High cover over 30 days,31.2,494.55,674.55
38,Maven Toys Chihuahua 2,Chihuahua,Downtown,8,Deck Of Cards,Games,3.99,6.99,1,94,114,174,267,1866.33,801.0,High cover over 30 days,31.7,375.06,657.06
2,Maven Toys Monterrey 1,Monterrey,Residential,24,Nerf Gun,Sports & Outdoors,14.99,19.99,1,39,60,60,93,1859.07,465.0,High cover over 30 days,37.7,584.61,779.61
16,Maven Toys San Luis Potosi 1,San Luis Potosi,Downtown,30,Rubik's Cube,Games,17.99,19.99,1,49,28,63,93,1859.07,186.0,High cover over 30 days,47.4,881.51,979.51
1,Maven Toys Guadalajara 1,Guadalajara,Residential,30,Rubik's Cube,Games,17.99,19.99,1,44,0,20,91,1819.09,182.0,High cover over 30 days,43.5,791.56,879.56
5,Maven Toys La Paz 1,La Paz,Downtown,30,Rubik's Cube,Games,17.99,19.99,1,39,13,32,91,1819.09,182.0,High cover over 30 days,38.6,701.61,779.61
45,Maven Toys Ciudad de Mexico 4,Cuidad de Mexico,Commercial,19,Magic Sand,Art & Crafts,13.99,15.99,1,75,28,56,112,1790.88,224.0,High cover over 30 days,60.3,1049.25,1199.25
23,Maven Toys Chihuahua 1,Chihuahua,Commercial,13,Gamer Headphones,Electronics,14.99,20.99,1,31,42,57,85,1784.15,510.0,High cover over 30 days,32.8,464.69,650.69
40,Maven Toys Toluca 2,Toluca,Commercial,10,Dinosaur Figures,Toys,10.99,14.99,1,66,43,66,119,1783.81,476.0,High cover over 30 days,49.9,725.34,989.34
15,Maven Toys Tuxtla Gutierrez 1,Tuxtla Gutierrez,Downtown,18,Lego Bricks,Toys,34.99,39.99,1,34,6,11,43,1719.57,215.0,High cover over 30 days,71.2,1189.66,1359.66
11,Maven Toys Cuernavaca 1,Cuernavaca,Downtown,24,Nerf Gun,Sports & Outdoors,14.99,19.99,1,39,46,55,86,1719.14,430.0,High cover over 30 days,40.8,584.61,779.61
37,Maven Toys Ciudad de Mexico 3,Cuidad de Mexico,Residential,30,Rubik's Cube,Games,17.99,19.99,1,35,36,57,86,1719.14,172.0,High cover over 30 days,36.6,629.65,699.65
12,Maven Toys Chetumal 1,Chetumal,Downtown,24,Nerf Gun,Sports & Outdoors,14.99,19.99,1,34,23,46,84,1679.16,420.0,High cover over 30 days,36.4,509.66,679.66
48,Maven Toys Saltillo 2,Saltillo,Commercial,13,Gamer Headphones,Electronics,14.99,20.99,1,56,11,48,79,1658.21,474.0,High cover over 30 days,63.8,839.44,1175.44
38,Maven Toys Chihuahua 2,Chihuahua,Downtown,6,Colorbuds,Electronics,6.99,14.99,1,54,54,68,107,1603.93,856.0,High cover over 30 days,45.4,377.46,809.46
23,Maven Toys Chihuahua 1,Chihuahua,Commercial,24,Nerf Gun,Sports & Outdoors,14.99,19.99,1,40,37,44,79,1579.21,395.0,High cover over 30 days,45.6,599.6,799.6
24,Maven Toys Aguascalientes 1,Aguascalientes,Downtown,17,Kids Makeup Kit,Art & Crafts,13.99,19.99,1,27,67,79,79,1579.21,474.0,High cover over 30 days,30.8,377.73,539.73
31,Maven Toys Ciudad de Mexico 2,Cuidad de Mexico,Airport,29,Plush Pony,Toys,8.99,19.99,1,28,0,42,78,1559.22,858.0,High cover over 30 days,32.3,251.72,559.72
44,Maven Toys Puebla 3,Puebla,Residential,10,Dinosaur Figures,Toys,10.99,14.99,1,41,37,84,100,1499.0,400.0,High cover over 30 days,36.9,450.59,614.59
26,Maven Toys Campeche 2,Campeche,Commercial,30,Rubik's Cube,Games,17.99,19.99,1,46,0,52,74,1479.26,148.0,High cover over 30 days,55.9,827.54,919.54
48,Maven Toys Saltillo 2,Saltillo,Commercial,24,Nerf Gun,Sports & Outdoors,14.99,19.99,1,40,50,56,72,1439.28,360.0,High cover over 30 days,50.0,599.6,799.6
42,Maven Toys Hermosillo 3,Hermosillo,Commercial,24,Nerf Gun,Sports & Outdoors,14.99,19.99,1,69,8,41,71,1419.29,355.0,High cover over 30 days,87.5,1034.31,1379.31
45,Maven Toys Ciudad de Mexico 4,Cuidad de Mexico,Commercial,10,Dinosaur Figures,Toys,10.99,14.99,1,42,2,31,94,1409.06,376.0,High cover over 30 days,40.2,461.58,629.58
22,Maven Toys Guanajuato 2,Guanajuato,Commercial,8,Deck Of Cards,Games,3.99,6.99,1,71,55,79,201,1404.99,603.0,High cover over 30 days,31.8,283.29,496.29
17,Maven Toys Toluca 1,Toluca,Downtown,17,Kids Makeup Kit,Art & Crafts,13.99,19.99,1,27,23,50,70,1399.3,420.0,High cover over 30 days,34.7,377.73,539.73
21,Maven Toys Santiago 1,Santiago,Downtown,30,Rubik's Cube,Games,17.99,19.99,1,49,20,49,70,1399.3,140.0,High cover over 30 days,63.0,881.51,979.51
27,Maven Toys Oaxaca 1,Oaxaca,Downtown,24,Nerf Gun,Sports & Outdoors,14.99,19.99,1,46,34,42,70,1399.3,350.0,High cover over 30 days,59.1,689.54,919.54
44,Maven Toys Puebla 3,Puebla,Residential,30,Rubik's Cube,Games,17.99,19.99,1,26,6,18,70,1399.3,140.0,High cover over 30 days,33.4,467.74,519.74
18,Maven Toys Merida 1,Merida,Downtown,24,Nerf Gun,Sports & Outdoors,14.99,19.99,1,26,29,40,69,1379.31,345.0,High cover over 30 days,33.9,389.74,519.74
47,Maven Toys Monterrey 4,Monterrey,Commercial,30,Rubik's Cube,Games,17.99,19.99,1,36,14,33,69,1379.31,138.0,High cover over 30 days,47.0,647.64,719.64
6,Maven Toys Mexicali 1,Mexicali,Commercial,10,Dinosaur Figures,Toys,10.99,14.99,1,52,0,6,90,1349.1,360.0,High cover over 30 days,52.0,571.48,779.48
25,Maven Toys Ciudad Victoria 1,Ciudad Victoria,Downtown,30,Rubik's Cube,Games,17.99,19.99,1,46,0,26,67,1339.33,134.0,High cover over 30 days,61.8,827.54,919.54
48,Maven Toys Saltillo 2,Saltillo,Commercial,10,Dinosaur Figures,Toys,10.99,14.99,1,52,22,69,89,1334.11,356.0,High cover over 30 days,52.6,571.48,779.48
15,Maven Toys Tuxtla Gutierrez 1,Tuxtla Gutierrez,Downtown,17,Kids Makeup Kit,Art & Crafts,13.99,19.99,1,24,20,30,66,1319.34,396.0,High cover over 30 days,32.7,335.76,479.76
25,Maven Toys Ciudad Victoria 1,Ciudad Victoria,Downtown,34,Toy Robot,Electronics,20.99,25.99,1,23,31,31,50,1299.5,250.0,High cover over 30 days,41.4,482.77,597.77
22,Maven Toys Guanajuato 2,Guanajuato,Commercial,30,Rubik's Cube,Games,17.99,19.99,1,22,20,28,65,1299.35,130.0,High cover over 30 days,30.5,395.78,439.78
39,Maven Toys Xalapa 2,Xalapa,Downtown,8,Deck Of Cards,Games,3.99,6.99,1,90,24,99,185,1293.15,555.0,High cover over 30 days,43.8,359.1,629.1
49,Maven Toys Culiacan 1,Culiacan,Downtown,10,Dinosaur Figures,Toys,10.99,14.99,1,36,23,67,86,1289.14,344.0,High cover over 30 days,37.7,395.64,539.64
33,Maven Toys Monterrey 3,Monterrey,Airport,30,Rubik's Cube,Games,17.99,19.99,1,39,7,18,64,1279.36,128.0,High cover over 30 days,54.8,701.61,779.61
45,Maven Toys Ciudad de Mexico 4,Cuidad de Mexico,Commercial,30,Rubik's Cube,Games,17.99,19.99,1,36,10,22,63,1259.37,126.0,High cover over 30 days,51.4,647.64,719.64
48,Maven Toys Saltillo 2,Saltillo,Commercial,8,Deck Of Cards,Games,3.99,6.99,1,100,33,98,180,1258.2,540.0,High cover over 30 days,50.0,399.0,699.0
42,Maven Toys Hermosillo 3,Hermosillo,Commercial,26,PlayDoh Playset,Art & Crafts,20.99,24.99,1,18,19,19,50,1249.5,200.0,High cover over 30 days,32.4,377.82,449.82
38,Maven Toys Chihuahua 2,Chihuahua,Downtown,34,Toy Robot,Electronics,20.99,25.99,1,18,0,0,48,1247.52,240.0,High cover over 30 days,33.8,377.82,467.82
24,Maven Toys Aguascalientes 1,Aguascalientes,Downtown,30,Rubik's Cube,Games,17.99,19.99,1,50,32,42,62,1239.38,124.0,High cover over 30 days,72.6,899.5,999.5
6,Maven Toys Mexicali 1,Mexicali,Commercial,11,Etch A Sketch,Art & Crafts,10.99,20.99,1,20,12,12,59,1238.41,590.0,High cover over 30 days,30.5,219.8,419.8
22,Maven Toys Guanajuato 2,Guanajuato,Commercial,24,Nerf Gun,Sports & Outdoors,14.99,19.99,1,29,29,48,61,1219.39,305.0,High cover over 30 days,42.8,434.71,579.71
20,Maven Toys Zacatecas 1,Zacatecas,Downtown,1,Action Figure,Toys,9.99,15.99,1,38,37,66,76,1215.24,456.0,High cover over 30 days,45.0,379.62,607.62
6,Maven Toys Mexicali 1,Mexicali,Commercial,2,Animal Figures,Toys,9.99,12.99,1,47,18,39,91,1182.09,273.0,High cover over 30 days,46.5,469.53,610.53
26,Maven Toys Campeche 2,Campeche,Commercial,13,Gamer Headphones,Electronics,14.99,20.99,1,20,0,43,56,1175.44,336.0,High cover over 30 days,32.1,299.8,419.8
40,Maven Toys Toluca 2,Toluca,Commercial,24,Nerf Gun,Sports & Outdoors,14.99,19.99,1,33,54,54,58,1159.42,290.0,High cover over 30 days,51.2,494.67,659.67
49,Maven Toys Culiacan 1,Culiacan,Downtown,8,Deck Of Cards,Games,3.99,6.99,1,77,19,19,164,1146.36,492.0,High cover over 30 days,42.3,307.23,538.23
5,Maven Toys La Paz 1,La Paz,Downtown,7,Dart Gun,Sports & Outdoors,11.99,15.99,1,30,11,58,71,1135.29,284.0,High cover over 30 days,38.0,359.7,479.7
7,Maven Toys Monterrey 2,Monterrey,Downtown,21,Mini Ping Pong Set,Sports & Outdoors,6.99,9.99,1,49,51,110,113,1128.87,339.0,High cover over 30 days,39.0,342.51,489.51
19,Maven Toys Puebla 1,Puebla,Commercial,34,Toy Robot,Electronics,20.99,25.99,1,15,0,15,43,1117.57,215.0,High cover over 30 days,31.4,314.85,389.85
6,Maven Toys Mexicali 1,Mexicali,Commercial,30,Rubik's Cube,Games,17.99,19.99,1,67,44,55,55,1099.45,110.0,High cover over 30 days,109.6,1205.33,1339.33
20,Maven Toys Zacatecas 1,Zacatecas,Downtown,17,Kids Makeup Kit,Art & Crafts,13.99,19.99,1,23,6,30,55,1099.45,330.0,High cover over 30 days,37.6,321.77,459.77
31,Maven Toys Ciudad de Mexico 2,Cuidad de Mexico,Airport,10,Dinosaur Figures,Toys,10.99,14.99,1,139,0,73,73,1094.27,292.0,High cover over 30 days,171.4,1527.61,2083.61
30,Maven Toys Guadalajara 3,Guadalajara,Airport,34,Toy Robot,Electronics,20.99,25.99,1,18,14,14,42,1091.58,210.0,High cover over 30 days,38.6,377.82,467.82
38,Maven Toys Chihuahua 2,Chihuahua,Downtown,2,Animal Figures,Toys,9.99,12.99,1,34,0,14,84,1091.16,252.0,High cover over 30 days,36.4,339.66,441.66
40,Maven Toys Toluca 2,Toluca,Commercial,30,Rubik's Cube,Games,17.99,19.99,1,28,29,53,53,1059.47,106.0,High cover over 30 days,47.5,503.72,559.72
18,Maven Toys Merida 1,Merida,Downtown,8,Deck Of Cards,Games,3.99,6.99,1,52,45,88,151,1055.49,453.0,High cover over 30 days,31.0,207.48,363.48
10,Maven Toys Campeche 1,Campeche,Downtown,10,Dinosaur Figures,Toys,10.99,14.99,1,57,0,46,70,1049.3,280.0,High cover over 30 days,73.3,626.43,854.43
20,Maven Toys Zacatecas 1,Zacatecas,Downtown,33,Teddy Bear,Toys,10.99,12.99,1,28,32,49,80,1039.2,160.0,High cover over 30 days,31.5,307.72,363.72
29,Maven Toys Xalapa 1,Xalapa,Commercial,34,Toy Robot,Electronics,20.99,25.99,1,16,0,29,39,1013.61,195.0,High cover over 30 days,36.9,335.84,415.84
50,Maven Toys Guanajuato 3,Guanajuato,Residential,2,Animal Figures,Toys,9.99,12.99,1,49,42,62,77,1000.23,231.0,High cover over 30 days,57.3,489.51,636.51
23,Maven Toys Chihuahua 1,Chihuahua,Commercial,28,Playfoam,Art & Crafts,3.99,10.99,1,48,91,91,91,1000.09,637.0,High cover over 30 days,47.5,191.52,527.52
4,Maven Toys Saltillo 1,Saltillo,Downtown,29,Plush Pony,Toys,8.99,19.99,1,20,0,9,50,999.5,550.0,High cover over 30 days,36.0,179.8,399.8
35,Maven Toys Chilpancingo 1,Chilpancingo,Downtown,31,Splash Balls,Sports & Outdoors,7.99,8.99,1,74,26,50,111,997.89,111.0,High cover over 30 days,60.0,591.26,665.26
32,Maven Toys Hermosillo 1,Hermosillo,Residential,34,Toy Robot,Electronics,20.99,25.99,1,20,0,17,38,987.62,190.0,High cover over 30 days,47.4,419.8,519.8
35,Maven Toys Chilpancingo 1,Chilpancingo,Downtown,24,Nerf Gun,Sports & Outdoors,14.99,19.99,1,44,26,44,49,979.51,245.0,High cover over 30 days,80.8,659.56,879.56
48,Maven Toys Saltillo 2,Saltillo,Commercial,30,Rubik's Cube,Games,17.99,19.99,1,49,0,0,49,979.51,98.0,High cover over 30 days,90.0,881.51,979.51
47,Maven Toys Monterrey 4,Monterrey,Commercial,26,PlayDoh Playset,Art & Crafts,20.99,24.99,1,23,23,39,39,974.61,156.0,High cover over 30 days,53.1,482.77,574.77
15,Maven Toys Tuxtla Gutierrez 1,Tuxtla Gutierrez,Downtown,6,Colorbuds,Electronics,6.99,14.99,1,29,0,29,65,974.35,520.0,High cover over 30 days,40.2,202.71,434.71
35,Maven Toys Chilpancingo 1,Chilpancingo,Downtown,2,Animal Figures,Toys,9.99,12.99,1,37,29,57,75,974.25,225.0,High cover over 30 days,44.4,369.63,480.63
46,Maven Toys Guadalajara 4,Guadalajara,Downtown,8,Deck Of Cards,Games,3.99,6.99,1,74,24,76,139,971.61,417.0,High cover over 30 days,47.9,295.26,517.26
18,Maven Toys Merida 1,Merida,Downtown,9,Dino Egg,Toys,9.99,10.99,1,50,12,37,88,967.12,88.0,High cover over 30 days,51.1,499.5,549.5
37,Maven Toys Ciudad de Mexico 3,Cuidad de Mexico,Residential,34,Toy Robot,Electronics,20.99,25.99,1,13,0,37,37,961.63,185.0,High cover over 30 days,31.6,272.87,337.87
25,Maven Toys Ciudad Victoria 1,Ciudad Victoria,Downtown,8,Deck Of Cards,Games,3.99,6.99,1,66,66,96,136,950.64,408.0,High cover over 30 days,43.7,263.34,461.34
50,Maven Toys Guanajuato 3,Guanajuato,Residential,11,Etch A Sketch,Art & Crafts,10.99,20.99,1,20,37,39,45,944.55,450.0,High cover over 30 days,40.0,219.8,419.8
46,Maven Toys Guadalajara 4,Guadalajara,Downtown,34,Toy Robot,Electronics,20.99,25.99,1,24,0,28,36,935.64,180.0,High cover over 30 days,60.0,503.76,623.76
15,Maven Toys Tuxtla Gutierrez 1,Tuxtla Gutierrez,Downtown,10,Dinosaur Figures,Toys,10.99,14.99,1,39,27,27,62,929.38,248.0,High cover over 30 days,56.6,428.61,584.61
40,Maven Toys Toluca 2,Toluca,Commercial,6,Colorbuds,Electronics,6.99,14.99,1,29,28,45,62,929.38,496.0,High cover over 30 days,42.1,202.71,434.71
48,Maven Toys Saltillo 2,Saltillo,Commercial,7,Dart Gun,Sports & Outdoors,11.99,15.99,1,28,45,45,57,911.43,228.0,High cover over 30 days,44.2,335.72,447.72
32,Maven Toys Hermosillo 1,Hermosillo,Residential,8,Deck Of Cards,Games,3.99,6.99,1,56,38,63,130,908.7,390.0,High cover over 30 days,38.8,223.44,391.44
47,Maven Toys Monterrey 4,Monterrey,Commercial,13,Gamer Headphones,Electronics,14.99,20.99,1,15,5,24,43,902.57,258.0,High cover over 30 days,31.4,224.85,314.85
23,Maven Toys Chihuahua 1,Chihuahua,Commercial,30,Rubik's Cube,Games,17.99,19.99,1,38,19,30,45,899.55,90.0,High cover over 30 days,76.0,683.62,759.62
9,Maven Toys Ciudad de Mexico 1,Cuidad de Mexico,Downtown,23,Mr. Potatohead,Toys,4.99,9.99,1,31,21,40,89,889.11,445.0,High cover over 30 days,31.3,154.69,309.69
31,Maven Toys Ciudad de Mexico 2,Cuidad de Mexico,Airport,26,PlayDoh Playset,Art & Crafts,20.99,24.99,1,17,0,27,35,874.65,140.0,High cover over 30 days,43.7,356.83,424.83
49,Maven Toys Culiacan 1,Culiacan,Downtown,26,PlayDoh Playset,Art & Crafts,20.99,24.99,1,19,0,34,35,874.65,140.0,High cover over 30 days,48.9,398.81,474.81
22,Maven Toys Guanajuato 2,Guanajuato,Commercial,31,Splash Balls,Sports & Outdoors,7.99,8.99,1,34,39,64,97,872.03,97.0,High cover over 30 days,31.5,271.66,305.66
49,Maven Toys Culiacan 1,Culiacan,Downtown,31,Splash Balls,Sports & Outdoors,7.99,8.99,1,51,38,89,97,872.03,97.0,High cover over 30 days,47.3,407.49,458.49
12,Maven Toys Chetumal 1,Chetumal,Downtown,30,Rubik's Cube,Games,17.99,19.99,1,45,0,16,43,859.57,86.0,High cover over 30 days,94.2,809.55,899.55
24,Maven Toys Aguascalientes 1,Aguascalientes,Downtown,34,Toy Robot,Electronics,20.99,25.99,1,17,28,33,33,857.67,165.0,High cover over 30 days,46.4,356.83,441.83
28,Maven Toys Puebla 2,Puebla,Downtown,30,Rubik's Cube,Games,17.99,19.99,1,27,0,31,42,839.58,84.0,High cover over 30 days,57.9,485.73,539.73
47,Maven Toys Monterrey 4,Monterrey,Commercial,8,Deck Of Cards,Games,3.99,6.99,1,70,5,34,120,838.8,360.0,High cover over 30 days,52.5,279.3,489.3
47,Maven Toys Monterrey 4,Monterrey,Commercial,3,Barrel O' Slime,Art & Crafts,1.99,3.99,1,74,118,170,207,825.93,414.0,High cover over 30 days,32.2,147.26,295.26
43,Maven Toys Durango 1,Durango,Downtown,10,Dinosaur Figures,Toys,10.99,14.99,1,49,36,38,55,824.45,220.0,High cover over 30 days,80.2,538.51,734.51
28,Maven Toys Puebla 2,Puebla,Downtown,17,Kids Makeup Kit,Art & Crafts,13.99,19.99,1,17,5,26,41,819.59,246.0,High cover over 30 days,37.3,237.83,339.83
34,Maven Toys Villahermosa 1,Villahermosa,Downtown,2,Animal Figures,Toys,9.99,12.99,1,25,23,39,63,818.37,189.0,High cover over 30 days,35.7,249.75,324.75
12,Maven Toys Chetumal 1,Chetumal,Downtown,8,Deck Of Cards,Games,3.99,6.99,1,61,24,63,117,817.83,351.0,High cover over 30 days,46.9,243.39,426.39
14,Maven Toys Guanajuato 1,Guanajuato,Downtown,10,Dinosaur Figures,Toys,10.99,14.99,1,32,27,47,54,809.46,216.0,High cover over 30 days,53.3,351.68,479.68
46,Maven Toys Guadalajara 4,Guadalajara,Downtown,14,Glass Marbles,Games,5.99,10.99,1,29,12,47,73,802.27,365.0,High cover over 30 days,35.8,173.71,318.71
3,Maven Toys Guadalajara 2,Guadalajara,Commercial,18,Lego Bricks,Toys,34.99,39.99,1,52,4,4,20,799.8,100.0,High cover over 30 days,234.0,1819.48,2079.48
23,Maven Toys Chihuahua 1,Chihuahua,Commercial,26,PlayDoh Playset,Art & Crafts,20.99,24.99,1,15,15,25,32,799.68,128.0,High cover over 30 days,42.2,314.85,374.85
34,Maven Toys Villahermosa 1,Villahermosa,Downtown,17,Kids Makeup Kit,Art & Crafts,13.99,19.99,1,19,0,15,40,799.6,240.0,High cover over 30 days,42.8,265.81,379.81
5,Maven Toys La Paz 1,La Paz,Downtown,13,Gamer Headphones,Electronics,14.99,20.99,1,17,0,15,38,797.62,228.0,High cover over 30 days,40.3,254.83,356.83
24,Maven Toys Aguascalientes 1,Aguascalientes,Downtown,11,Etch A Sketch,Art & Crafts,10.99,20.99,1,13,14,25,38,797.62,380.0,High cover over 30 days,30.8,142.87,272.87
34,Maven Toys Villahermosa 1,Villahermosa,Downtown,8,Deck Of Cards,Games,3.99,6.99,1,68,38,72,112,782.88,336.0,High cover over 30 days,54.6,271.32,475.32
33,Maven Toys Monterrey 3,Monterrey,Airport,34,Toy Robot,Electronics,20.99,25.99,1,14,0,9,30,779.7,150.0,High cover over 30 days,42.0,293.86,363.86
50,Maven Toys Guanajuato 3,Guanajuato,Residential,34,Toy Robot,Electronics,20.99,25.99,1,17,5,24,30,779.7,150.0,High cover over 30 days,51.0,356.83,441.83
40,Maven Toys Toluca 2,Toluca,Commercial,8,Deck Of Cards,Games,3.99,6.99,1,61,19,80,111,775.89,333.0,High cover over 30 days,49.5,243.39,426.39
35,Maven Toys Chilpancingo 1,Chilpancingo,Downtown,14,Glass Marbles,Games,5.99,10.99,1,38,47,66,70,769.3,350.0,High cover over 30 days,48.9,227.62,417.62
18,Maven Toys Merida 1,Merida,Downtown,21,Mini Ping Pong Set,Sports & Outdoors,6.99,9.99,1,29,0,51,77,769.23,231.0,High cover over 30 days,33.9,202.71,289.71
50,Maven Toys Guanajuato 3,Guanajuato,Residential,8,Deck Of Cards,Games,3.99,6.99,1,51,18,49,110,768.9,330.0,High cover over 30 days,41.7,203.49,356.49
4,Maven Toys Saltillo 1,Saltillo,Downtown,31,Splash Balls,Sports & Outdoors,7.99,8.99,1,35,44,66,84,755.16,84.0,High cover over 30 days,37.5,279.65,314.65
23,Maven Toys Chihuahua 1,Chihuahua,Commercial,34,Toy Robot,Electronics,20.99,25.99,1,18,13,13,29,753.71,145.0,High cover over 30 days,55.9,377.82,467.82
9,Maven Toys Ciudad de Mexico 1,Cuidad de Mexico,Downtown,26,PlayDoh Playset,Art & Crafts,20.99,24.99,1,21,14,22,30,749.7,120.0,High cover over 30 days,63.0,440.79,524.79
14,Maven Toys Guanajuato 1,Guanajuato,Downtown,17,Kids Makeup Kit,Art & Crafts,13.99,19.99,1,14,27,32,37,739.63,222.0,High cover over 30 days,34.1,195.86,279.86
4,Maven Toys Saltillo 1,Saltillo,Downtown,23,Mr. Potatohead,Toys,4.99,9.99,1,26,3,24,74,739.26,370.0,High cover over 30 days,31.6,129.74,259.74
50,Maven Toys Guanajuato 3,Guanajuato,Residential,14,Glass Marbles,Games,5.99,10.99,1,32,0,48,67,736.33,335.0,High cover over 30 days,43.0,191.68,351.68
17,Maven Toys Toluca 1,Toluca,Downtown,21,Mini Ping Pong Set,Sports & Outdoors,6.99,9.99,1,27,11,32,73,729.27,219.0,High cover over 30 days,33.3,188.73,269.73
8,Maven Toys Pachuca 1,Pachuca,Downtown,8,Deck Of Cards,Games,3.99,6.99,1,42,51,83,104,726.96,312.0,High cover over 30 days,36.3,167.58,293.58
17,Maven Toys Toluca 1,Toluca,Downtown,29,Plush Pony,Toys,8.99,19.99,1,16,0,11,36,719.64,396.0,High cover over 30 days,40.0,143.84,319.84
17,Maven Toys Toluca 1,Toluca,Downtown,10,Dinosaur Figures,Toys,10.99,14.99,1,67,0,21,48,719.52,192.0,High cover over 30 days,125.6,736.33,1004.33
3,Maven Toys Guadalajara 2,Guadalajara,Commercial,31,Splash Balls,Sports & Outdoors,7.99,8.99,1,29,49,49,80,719.2,80.0,High cover over 30 days,32.6,231.71,260.71
18,Maven Toys Merida 1,Merida,Downtown,14,Glass Marbles,Games,5.99,10.99,1,67,34,46,65,714.35,325.0,High cover over 30 days,92.8,401.33,736.33
11,Maven Toys Cuernavaca 1,Cuernavaca,Downtown,8,Deck Of Cards,Games,3.99,6.99,1,64,19,53,102,712.98,306.0,High cover over 30 days,56.5,255.36,447.36
1,Maven Toys Guadalajara 1,Guadalajara,Residential,10,Dinosaur Figures,Toys,10.99,14.99,1,22,23,31,47,704.53,188.0,High cover over 30 days,42.1,241.78,329.78
18,Maven Toys Merida 1,Merida,Downtown,7,Dart Gun,Sports & Outdoors,11.99,15.99,1,16,9,22,44,703.56,176.0,High cover over 30 days,32.7,191.84,255.84
19,Maven Toys Puebla 1,Puebla,Commercial,20,Mini Basketball Hoop,Sports & Outdoors,8.99,24.99,1,11,5,16,28,699.72,448.0,High cover over 30 days,35.4,98.89,274.89
37,Maven Toys Ciudad de Mexico 3,Cuidad de Mexico,Residential,13,Gamer Headphones,Electronics,14.99,20.99,1,21,1,33,33,692.67,198.0,High cover over 30 days,57.3,314.79,440.79
14,Maven Toys Guanajuato 1,Guanajuato,Downtown,28,Playfoam,Art & Crafts,3.99,10.99,1,22,37,63,63,692.37,441.0,High cover over 30 days,31.4,87.78,241.78
42,Maven Toys Hermosillo 3,Hermosillo,Commercial,10,Dinosaur Figures,Toys,10.99,14.99,1,39,23,30,46,689.54,184.0,High cover over 30 days,76.3,428.61,584.61
10,Maven Toys Campeche 1,Campeche,Downtown,22,Monopoly,Games,13.99,19.99,1,13,0,32,34,679.66,204.0,High cover over 30 days,34.4,181.87,259.87
17,Maven Toys Toluca 1,Toluca,Downtown,26,PlayDoh Playset,Art & Crafts,20.99,24.99,1,25,0,6,27,674.73,108.0,High cover over 30 days,83.3,524.75,624.75
9,Maven Toys Ciudad de Mexico 1,Cuidad de Mexico,Downtown,10,Dinosaur Figures,Toys,10.99,14.99,1,69,39,45,45,674.55,180.0,High cover over 30 days,138.0,758.31,1034.31
11,Maven Toys Cuernavaca 1,Cuernavaca,Downtown,6,Colorbuds,Electronics,6.99,14.99,1,32,31,36,45,674.55,360.0,High cover over 30 days,64.0,223.68,479.68
39,Maven Toys Xalapa 2,Xalapa,Downtown,29,Plush Pony,Toys,8.99,19.99,1,16,15,15,33,659.67,363.0,High cover over 30 days,43.6,143.84,319.84
23,Maven Toys Chihuahua 1,Chihuahua,Commercial,10,Dinosaur Figures,Toys,10.99,14.99,1,35,6,44,44,659.56,176.0,High cover over 30 days,71.6,384.65,524.65
28,Maven Toys Puebla 2,Puebla,Downtown,6,Colorbuds,Electronics,6.99,14.99,1,16,4,8,44,659.56,352.0,High cover over 30 days,32.7,111.84,239.84
42,Maven Toys Hermosillo 3,Hermosillo,Commercial,21,Mini Ping Pong Set,Sports & Outdoors,6.99,9.99,1,69,0,21,66,659.34,198.0,High cover over 30 days,94.1,482.31,689.31
7,Maven Toys Monterrey 2,Monterrey,Downtown,13,Gamer Headphones,Electronics,14.99,20.99,1,20,5,7,31,650.69,186.0,High cover over 30 days,58.1,299.8,419.8
17,Maven Toys Toluca 1,Toluca,Downtown,34,Toy Robot,Electronics,20.99,25.99,1,11,15,25,25,649.75,125.0,High cover over 30 days,39.6,230.89,285.89
8,Maven Toys Pachuca 1,Pachuca,Downtown,22,Monopoly,Games,13.99,19.99,1,13,0,0,32,639.68,192.0,High cover over 30 days,36.6,181.87,259.87
8,Maven Toys Pachuca 1,Pachuca,Downtown,26,PlayDoh Playset,Art & Crafts,20.99,24.99,1,20,21,21,25,624.75,100.0,High cover over 30 days,72.0,419.8,499.8
37,Maven Toys Ciudad de Mexico 3,Cuidad de Mexico,Residential,26,PlayDoh Playset,Art & Crafts,20.99,24.99,1,11,24,25,25,624.75,100.0,High cover over 30 days,39.6,230.89,274.89
2,Maven Toys Monterrey 1,Monterrey,Residential,34,Toy Robot,Electronics,20.99,25.99,1,18,0,24,24,623.76,120.0,High cover over 30 days,67.5,377.82,467.82
34,Maven Toys Villahermosa 1,Villahermosa,Downtown,22,Monopoly,Games,13.99,19.99,1,15,17,31,31,619.69,186.0,High cover over 30 days,43.5,209.85,299.85
22,Maven Toys Guanajuato 2,Guanajuato,Commercial,10,Dinosaur Figures,Toys,10.99,14.99,1,64,35,35,41,614.59,164.0,High cover over 30 days,140.5,703.36,959.36
11,Maven Toys Cuernavaca 1,Cuernavaca,Downtown,2,Animal Figures,Toys,9.99,12.99,1,18,22,28,47,610.53,141.0,High cover over 30 days,34.5,179.82,233.82
48,Maven Toys Saltillo 2,Saltillo,Commercial,2,Animal Figures,Toys,9.99,12.99,1,23,3,3,47,610.53,141.0,High cover over 30 days,44.0,229.77,298.77
45,Maven Toys Ciudad de Mexico 4,Cuidad de Mexico,Commercial,3,Barrel O' Slime,Art & Crafts,1.99,3.99,1,63,44,80,151,602.49,302.0,High cover over 30 days,37.5,125.37,251.37
32,Maven Toys Hermosillo 1,Hermosillo,Residential,27,PlayDoh Toolkit,Art & Crafts,3.99,4.99,1,53,84,118,118,588.82,118.0,High cover over 30 days,40.4,211.47,264.47
30,Maven Toys Guadalajara 3,Guadalajara,Airport,13,Gamer Headphones,Electronics,14.99,20.99,1,18,13,19,28,587.72,168.0,High cover over 30 days,57.9,269.82,377.82
12,Maven Toys Chetumal 1,Chetumal,Downtown,10,Dinosaur Figures,Toys,10.99,14.99,1,17,16,28,39,584.61,156.0,High cover over 30 days,39.2,186.83,254.83
19,Maven Toys Puebla 1,Puebla,Commercial,10,Dinosaur Figures,Toys,10.99,14.99,1,45,8,18,39,584.61,156.0,High cover over 30 days,103.8,494.55,674.55
15,Maven Toys Tuxtla Gutierrez 1,Tuxtla Gutierrez,Downtown,14,Glass Marbles,Games,5.99,10.99,1,20,20,43,53,582.47,265.0,High cover over 30 days,34.0,119.8,219.8
15,Maven Toys Tuxtla Gutierrez 1,Tuxtla Gutierrez,Downtown,29,Plush Pony,Toys,8.99,19.99,1,13,2,29,29,579.71,319.0,High cover over 30 days,40.3,116.87,259.87
32,Maven Toys Hermosillo 1,Hermosillo,Residential,23,Mr. Potatohead,Toys,4.99,9.99,1,23,0,30,58,579.42,290.0,High cover over 30 days,35.7,114.77,229.77
46,Maven Toys Guadalajara 4,Guadalajara,Downtown,23,Mr. Potatohead,Toys,4.99,9.99,1,23,7,41,58,579.42,290.0,High cover over 30 days,35.7,114.77,229.77
46,Maven Toys Guadalajara 4,Guadalajara,Downtown,7,Dart Gun,Sports & Outdoors,11.99,15.99,1,15,24,28,36,575.64,144.0,High cover over 30 days,37.5,179.85,239.85
10,Maven Toys Campeche 1,Campeche,Downtown,26,PlayDoh Playset,Art & Crafts,20.99,24.99,1,9,18,23,23,574.77,92.0,High cover over 30 days,35.2,188.91,224.91
21,Maven Toys Santiago 1,Santiago,Downtown,26,PlayDoh Playset,Art & Crafts,20.99,24.99,1,21,23,23,23,574.77,92.0,High cover over 30 days,82.2,440.79,524.79
37,Maven Toys Ciudad de Mexico 3,Cuidad de Mexico,Residential,8,Deck Of Cards,Games,3.99,6.99,1,129,16,35,82,573.18,246.0,High cover over 30 days,141.6,514.71,901.71
10,Maven Toys Campeche 1,Campeche,Downtown,34,Toy Robot,Electronics,20.99,25.99,1,16,8,20,22,571.78,110.0,High cover over 30 days,65.5,335.84,415.84
10,Maven Toys Campeche 1,Campeche,Downtown,4,Chutes & Ladders,Games,9.99,12.99,1,17,0,33,44,571.56,132.0,High cover over 30 days,34.8,169.83,220.83
34,Maven Toys Villahermosa 1,Villahermosa,Downtown,21,Mini Ping Pong Set,Sports & Outdoors,6.99,9.99,1,22,28,34,57,569.43,171.0,High cover over 30 days,34.7,153.78,219.78
23,Maven Toys Chihuahua 1,Chihuahua,Commercial,11,Etch A Sketch,Art & Crafts,10.99,20.99,1,18,4,4,27,566.73,270.0,High cover over 30 days,60.0,197.82,377.82
5,Maven Toys La Paz 1,La Paz,Downtown,24,Nerf Gun,Sports & Outdoors,14.99,19.99,1,60,0,6,28,559.72,140.0,High cover over 30 days,192.9,899.4,1199.4
38,Maven Toys Chihuahua 2,Chihuahua,Downtown,26,PlayDoh Playset,Art & Crafts,20.99,24.99,1,17,6,22,22,549.78,88.0,High cover over 30 days,69.5,356.83,424.83
27,Maven Toys Oaxaca 1,Oaxaca,Downtown,13,Gamer Headphones,Electronics,14.99,20.99,1,10,0,12,26,545.74,156.0,High cover over 30 days,34.6,149.9,209.9
45,Maven Toys Ciudad de Mexico 4,Cuidad de Mexico,Commercial,11,Etch A Sketch,Art & Crafts,10.99,20.99,1,10,16,16,26,545.74,260.0,High cover over 30 days,34.6,109.9,209.9
44,Maven Toys Puebla 3,Puebla,Residential,17,Kids Makeup Kit,Art & Crafts,13.99,19.99,1,10,13,13,27,539.73,162.0,High cover over 30 days,33.3,139.9,199.9
3,Maven Toys Guadalajara 2,Guadalajara,Commercial,10,Dinosaur Figures,Toys,10.99,14.99,1,54,8,13,36,539.64,144.0,High cover over 30 days,135.0,593.46,809.46
10,Maven Toys Campeche 1,Campeche,Downtown,28,Playfoam,Art & Crafts,3.99,10.99,1,19,19,49,49,538.51,343.0,High cover over 30 days,34.9,75.81,208.81
28,Maven Toys Puebla 2,Puebla,Downtown,8,Deck Of Cards,Games,3.99,6.99,1,45,59,65,77,538.23,231.0,High cover over 30 days,52.6,179.55,314.55
13,Maven Toys Mexicali 2,Mexicali,Downtown,7,Dart Gun,Sports & Outdoors,11.99,15.99,1,16,9,25,33,527.67,132.0,High cover over 30 days,43.6,191.84,255.84
7,Maven Toys Monterrey 2,Monterrey,Downtown,12,Foam Disk Launcher,Sports & Outdoors,8.99,11.99,1,38,0,0,44,527.56,132.0,High cover over 30 days,77.7,341.62,455.62
2,Maven Toys Monterrey 1,Monterrey,Residential,26,PlayDoh Playset,Art & Crafts,20.99,24.99,1,12,6,6,21,524.79,84.0,High cover over 30 days,51.4,251.88,299.88
26,Maven Toys Campeche 2,Campeche,Commercial,34,Toy Robot,Electronics,20.99,25.99,1,17,14,20,20,519.8,100.0,High cover over 30 days,76.5,356.83,441.83
31,Maven Toys Ciudad de Mexico 2,Cuidad de Mexico,Airport,33,Teddy Bear,Toys,10.99,12.99,1,20,7,13,40,519.6,80.0,High cover over 30 days,45.0,219.8,259.8
50,Maven Toys Guanajuato 3,Guanajuato,Residential,21,Mini Ping Pong Set,Sports & Outdoors,6.99,9.99,1,36,22,22,51,509.49,153.0,High cover over 30 days,63.5,251.64,359.64
4,Maven Toys Saltillo 1,Saltillo,Downtown,2,Animal Figures,Toys,9.99,12.99,1,18,26,37,39,506.61,117.0,High cover over 30 days,41.5,179.82,233.82
11,Maven Toys Cuernavaca 1,Cuernavaca,Downtown,14,Glass Marbles,Games,5.99,10.99,1,18,0,0,46,505.54,230.0,High cover over 30 days,35.2,107.82,197.82
50,Maven Toys Guanajuato 3,Guanajuato,Residential,20,Mini Basketball Hoop,Sports & Outdoors,8.99,24.99,1,17,12,20,20,499.8,320.0,High cover over 30 days,76.5,152.83,424.83
24,Maven Toys Aguascalientes 1,Aguascalientes,Downtown,7,Dart Gun,Sports & Outdoors,11.99,15.99,1,15,18,30,31,495.69,124.0,High cover over 30 days,43.5,179.85,239.85
6,Maven Toys Mexicali 1,Mexicali,Commercial,4,Chutes & Ladders,Games,9.99,12.99,1,14,14,17,38,493.62,114.0,High cover over 30 days,33.2,139.86,181.86
49,Maven Toys Culiacan 1,Culiacan,Downtown,21,Mini Ping Pong Set,Sports & Outdoors,6.99,9.99,1,37,1,17,49,489.51,147.0,High cover over 30 days,68.0,258.63,369.63
49,Maven Toys Culiacan 1,Culiacan,Downtown,23,Mr. Potatohead,Toys,4.99,9.99,1,18,21,21,49,489.51,245.0,High cover over 30 days,33.1,89.82,179.82
35,Maven Toys Chilpancingo 1,Chilpancingo,Downtown,28,Playfoam,Art & Crafts,3.99,10.99,1,20,39,44,44,483.56,308.0,High cover over 30 days,40.9,79.8,219.8
1,Maven Toys Guadalajara 1,Guadalajara,Residential,13,Gamer Headphones,Electronics,14.99,20.99,1,12,11,16,23,482.77,138.0,High cover over 30 days,47.0,179.88,251.88
19,Maven Toys Puebla 1,Puebla,Commercial,29,Plush Pony,Toys,8.99,19.99,1,29,0,24,24,479.76,264.0,High cover over 30 days,108.8,260.71,579.71
21,Maven Toys Santiago 1,Santiago,Downtown,24,Nerf Gun,Sports & Outdoors,14.99,19.99,1,19,0,0,24,479.76,120.0,High cover over 30 days,71.3,284.81,379.81
26,Maven Toys Campeche 2,Campeche,Commercial,7,Dart Gun,Sports & Outdoors,11.99,15.99,1,16,7,17,30,479.7,120.0,High cover over 30 days,48.0,191.84,255.84
7,Maven Toys Monterrey 2,Monterrey,Downtown,26,PlayDoh Playset,Art & Crafts,20.99,24.99,1,16,5,19,19,474.81,76.0,High cover over 30 days,75.8,335.84,399.84
42,Maven Toys Hermosillo 3,Hermosillo,Commercial,20,Mini Basketball Hoop,Sports & Outdoors,8.99,24.99,1,8,0,0,19,474.81,304.0,High cover over 30 days,37.9,71.92,199.92
38,Maven Toys Chihuahua 2,Chihuahua,Downtown,5,Classic Dominoes,Games,7.99,9.99,1,20,8,26,47,469.53,94.0,High cover over 30 days,38.3,159.8,199.8
43,Maven Toys Durango 1,Durango,Downtown,34,Toy Robot,Electronics,20.99,25.99,1,7,0,15,18,467.82,90.0,High cover over 30 days,35.0,146.93,181.93
38,Maven Toys Chihuahua 2,Chihuahua,Downtown,4,Chutes & Ladders,Games,9.99,12.99,1,15,13,13,36,467.64,108.0,High cover over 30 days,37.5,149.85,194.85
22,Maven Toys Guanajuato 2,Guanajuato,Commercial,7,Dart Gun,Sports & Outdoors,11.99,15.99,1,30,0,29,29,463.71,116.0,High cover over 30 days,93.1,359.7,479.7
9,Maven Toys Ciudad de Mexico 1,Cuidad de Mexico,Downtown,13,Gamer Headphones,Electronics,14.99,20.99,1,19,0,0,22,461.78,132.0,High cover over 30 days,77.7,284.81,398.81
36,Maven Toys Morelia 1,Morelia,Downtown,14,Glass Marbles,Games,5.99,10.99,1,110,10,23,42,461.58,210.0,High cover over 30 days,235.7,658.9,1208.9
11,Maven Toys Cuernavaca 1,Cuernavaca,Downtown,30,Rubik's Cube,Games,17.99,19.99,1,10,6,21,23,459.77,46.0,High cover over 30 days,39.1,179.9,199.9
16,Maven Toys San Luis Potosi 1,San Luis Potosi,Downtown,17,Kids Makeup Kit,Art & Crafts,13.99,19.99,1,14,15,23,23,459.77,138.0,High cover over 30 days,54.8,195.86,279.86
38,Maven Toys Chihuahua 2,Chihuahua,Downtown,22,Monopoly,Games,13.99,19.99,1,8,0,0,23,459.77,138.0,High cover over 30 days,31.3,111.92,159.92
42,Maven Toys Hermosillo 3,Hermosillo,Commercial,29,Plush Pony,Toys,8.99,19.99,1,35,0,16,23,459.77,253.0,High cover over 30 days,137.0,314.65,699.65
12,Maven Toys Chetumal 1,Chetumal,Downtown,5,Classic Dominoes,Games,7.99,9.99,1,17,16,30,46,459.54,92.0,High cover over 30 days,33.3,135.83,169.83
38,Maven Toys Chihuahua 2,Chihuahua,Downtown,20,Mini Basketball Hoop,Sports & Outdoors,8.99,24.99,1,11,0,18,18,449.82,288.0,High cover over 30 days,55.0,98.89,274.89
33,Maven Toys Monterrey 3,Monterrey,Airport,2,Animal Figures,Toys,9.99,12.99,1,16,0,21,34,441.66,102.0,High cover over 30 days,42.4,159.84,207.84
39,Maven Toys Xalapa 2,Xalapa,Downtown,33,Teddy Bear,Toys,10.99,12.99,1,14,0,16,34,441.66,68.0,High cover over 30 days,37.1,153.86,181.86
32,Maven Toys Hermosillo 1,Hermosillo,Residential,14,Glass Marbles,Games,5.99,10.99,1,27,6,22,40,439.6,200.0,High cover over 30 days,60.8,161.73,296.73
36,Maven Toys Morelia 1,Morelia,Downtown,9,Dino Egg,Toys,9.99,10.99,1,19,18,28,40,439.6,40.0,High cover over 30 days,42.8,189.81,208.81
15,Maven Toys Tuxtla Gutierrez 1,Tuxtla Gutierrez,Downtown,23,Mr. Potatohead,Toys,4.99,9.99,1,18,7,44,44,439.56,220.0,High cover over 30 days,36.8,89.82,179.82
10,Maven Toys Campeche 1,Campeche,Downtown,13,Gamer Headphones,Electronics,14.99,20.99,1,17,0,18,20,419.8,120.0,High cover over 30 days,76.5,254.83,356.83
21,Maven Toys Santiago 1,Santiago,Downtown,11,Etch A Sketch,Art & Crafts,10.99,20.99,1,11,0,3,20,419.8,200.0,High cover over 30 days,49.5,120.89,230.89
24,Maven Toys Aguascalientes 1,Aguascalientes,Downtown,22,Monopoly,Games,13.99,19.99,1,13,0,0,21,419.79,126.0,High cover over 30 days,55.7,181.87,259.87
50,Maven Toys Guanajuato 3,Guanajuato,Residential,29,Plush Pony,Toys,8.99,19.99,1,15,8,8,21,419.79,231.0,High cover over 30 days,64.3,134.85,299.85
31,Maven Toys Ciudad de Mexico 2,Cuidad de Mexico,Airport,32,Supersoaker Water Gun,Sports & Outdoors,11.99,14.99,1,12,10,10,28,419.72,84.0,High cover over 30 days,38.6,143.88,179.88
35,Maven Toys Chilpancingo 1,Chilpancingo,Downtown,32,Supersoaker Water Gun,Sports & Outdoors,11.99,14.99,1,20,12,22,28,419.72,84.0,High cover over 30 days,64.3,239.8,299.8
31,Maven Toys Ciudad de Mexico 2,Cuidad de Mexico,Airport,34,Toy Robot,Electronics,20.99,25.99,1,20,5,5,16,415.84,80.0,High cover over 30 days,112.5,419.8,519.8
29,Maven Toys Xalapa 1,Xalapa,Commercial,23,Mr. Potatohead,Toys,4.99,9.99,1,37,0,15,41,409.59,205.0,High cover over 30 days,81.2,184.63,369.63
48,Maven Toys Saltillo 2,Saltillo,Commercial,9,Dino Egg,Toys,9.99,10.99,1,13,13,13,37,406.63,37.0,High cover over 30 days,31.6,129.87,142.87
5,Maven Toys La Paz 1,La Paz,Downtown,32,Supersoaker Water Gun,Sports & Outdoors,11.99,14.99,1,10,20,27,27,404.73,81.0,High cover over 30 days,33.3,119.9,149.9
28,Maven Toys Puebla 2,Puebla,Downtown,23,Mr. Potatohead,Toys,4.99,9.99,1,24,11,21,40,399.6,200.0,High cover over 30 days,54.0,119.76,239.76
9,Maven Toys Ciudad de Mexico 1,Cuidad de Mexico,Downtown,27,PlayDoh Toolkit,Art & Crafts,3.99,4.99,1,29,0,47,80,399.2,80.0,High cover over 30 days,32.6,115.71,144.71
21,Maven Toys Santiago 1,Santiago,Downtown,34,Toy Robot,Electronics,20.99,25.99,1,16,12,15,15,389.85,75.0,High cover over 30 days,96.0,335.84,415.84
41,Maven Toys Hermosillo 2,Hermosillo,Downtown,32,Supersoaker Water Gun,Sports & Outdoors,11.99,14.99,1,29,0,0,26,389.74,78.0,High cover over 30 days,100.4,347.71,434.71
16,Maven Toys San Luis Potosi 1,San Luis Potosi,Downtown,16,Jenga,Games,2.99,9.99,1,14,0,0,39,389.61,273.0,High cover over 30 days,32.3,41.86,139.86
36,Maven Toys Morelia 1,Morelia,Downtown,17,Kids Makeup Kit,Art & Crafts,13.99,19.99,1,12,0,8,19,379.81,114.0,High cover over 30 days,56.8,167.88,239.88
49,Maven Toys Culiacan 1,Culiacan,Downtown,22,Monopoly,Games,13.99,19.99,1,8,0,17,19,379.81,114.0,High cover over 30 days,37.9,111.92,159.92
36,Maven Toys Morelia 1,Morelia,Downtown,25,PlayDoh Can,Art & Crafts,1.99,2.99,1,125,39,104,127,379.73,127.0,High cover over 30 days,88.6,248.75,373.75
33,Maven Toys Monterrey 3,Monterrey,Airport,21,Mini Ping Pong Set,Sports & Outdoors,6.99,9.99,1,13,13,25,38,379.62,114.0,High cover over 30 days,30.8,90.87,129.87
7,Maven Toys Monterrey 2,Monterrey,Downtown,11,Etch A Sketch,Art & Crafts,10.99,20.99,1,7,9,9,18,377.82,180.0,High cover over 30 days,35.0,76.93,146.93
13,Maven Toys Mexicali 2,Mexicali,Downtown,15,Hot Wheels 5-Pack,Toys,3.99,5.99,1,27,12,50,63,377.37,126.0,High cover over 30 days,38.6,107.73,161.73
37,Maven Toys Ciudad de Mexico 3,Cuidad de Mexico,Residential,33,Teddy Bear,Toys,10.99,12.99,1,10,2,29,29,376.71,58.0,High cover over 30 days,31.0,109.9,129.9
34,Maven Toys Villahermosa 1,Villahermosa,Downtown,32,Supersoaker Water Gun,Sports & Outdoors,11.99,14.99,1,19,0,0,25,374.75,75.0,High cover over 30 days,68.4,227.81,284.81
28,Maven Toys Puebla 2,Puebla,Downtown,14,Glass Marbles,Games,5.99,10.99,1,17,0,32,34,373.66,170.0,High cover over 30 days,45.0,101.83,186.83
11,Maven Toys Cuernavaca 1,Cuernavaca,Downtown,12,Foam Disk Launcher,Sports & Outdoors,8.99,11.99,1,17,8,24,31,371.69,93.0,High cover over 30 days,49.4,152.83,203.83
12,Maven Toys Chetumal 1,Chetumal,Downtown,21,Mini Ping Pong Set,Sports & Outdoors,6.99,9.99,1,15,12,26,37,369.63,111.0,High cover over 30 days,36.5,104.85,149.85
19,Maven Toys Puebla 1,Puebla,Commercial,21,Mini Ping Pong Set,Sports & Outdoors,6.99,9.99,1,24,19,19,37,369.63,111.0,High cover over 30 days,58.4,167.76,239.76
28,Maven Toys Puebla 2,Puebla,Downtown,7,Dart Gun,Sports & Outdoors,11.99,15.99,1,10,0,19,23,367.77,92.0,High cover over 30 days,39.1,119.9,159.9
35,Maven Toys Chilpancingo 1,Chilpancingo,Downtown,34,Toy Robot,Electronics,20.99,25.99,1,9,0,5,14,363.86,70.0,High cover over 30 days,57.9,188.91,233.91
47,Maven Toys Monterrey 4,Monterrey,Commercial,33,Teddy Bear,Toys,10.99,12.99,1,13,0,28,28,363.72,56.0,High cover over 30 days,41.8,142.87,168.87
10,Maven Toys Campeche 1,Campeche,Downtown,29,Plush Pony,Toys,8.99,19.99,1,12,0,5,18,359.82,198.0,High cover over 30 days,60.0,107.88,239.88
23,Maven Toys Chihuahua 1,Chihuahua,Commercial,22,Monopoly,Games,13.99,19.99,1,11,8,8,18,359.82,108.0,High cover over 30 days,55.0,153.89,219.89
35,Maven Toys Chilpancingo 1,Chilpancingo,Downtown,29,Plush Pony,Toys,8.99,19.99,1,11,11,11,18,359.82,198.0,High cover over 30 days,55.0,98.89,219.89
45,Maven Toys Ciudad de Mexico 4,Cuidad de Mexico,Commercial,21,Mini Ping Pong Set,Sports & Outdoors,6.99,9.99,1,14,15,17,36,359.64,108.0,High cover over 30 days,35.0,97.86,139.86
34,Maven Toys Villahermosa 1,Villahermosa,Downtown,11,Etch A Sketch,Art & Crafts,10.99,20.99,1,18,0,0,17,356.83,170.0,High cover over 30 days,95.3,197.82,377.82
48,Maven Toys Saltillo 2,Saltillo,Commercial,11,Etch A Sketch,Art & Crafts,10.99,20.99,1,6,2,8,17,356.83,170.0,High cover over 30 days,31.8,65.94,125.94
42,Maven Toys Hermosillo 3,Hermosillo,Commercial,3,Barrel O' Slime,Art & Crafts,1.99,3.99,1,32,18,62,88,351.12,176.0,High cover over 30 days,32.7,63.68,127.68
10,Maven Toys Campeche 1,Campeche,Downtown,25,PlayDoh Can,Art & Crafts,1.99,2.99,1,68,34,41,117,349.83,117.0,High cover over 30 days,52.3,135.32,203.32
4,Maven Toys Saltillo 1,Saltillo,Downtown,5,Classic Dominoes,Games,7.99,9.99,1,14,0,15,35,349.65,70.0,High cover over 30 days,36.0,111.86,139.86
38,Maven Toys Chihuahua 2,Chihuahua,Downtown,23,Mr. Potatohead,Toys,4.99,9.99,1,27,6,23,35,349.65,175.0,High cover over 30 days,69.4,134.73,269.73
21,Maven Toys Santiago 1,Santiago,Downtown,12,Foam Disk Launcher,Sports & Outdoors,8.99,11.99,1,21,0,0,29,347.71,87.0,High cover over 30 days,65.2,188.79,251.79
17,Maven Toys Toluca 1,Toluca,Downtown,32,Supersoaker Water Gun,Sports & Outdoors,11.99,14.99,1,15,8,10,23,344.77,69.0,High cover over 30 days,58.7,179.85,224.85
22,Maven Toys Guanajuato 2,Guanajuato,Commercial,17,Kids Makeup Kit,Art & Crafts,13.99,19.99,1,10,0,11,17,339.83,102.0,High cover over 30 days,52.9,139.9,199.9
26,Maven Toys Campeche 2,Campeche,Commercial,16,Jenga,Games,2.99,9.99,1,20,0,9,34,339.66,238.0,High cover over 30 days,52.9,59.8,199.8
19,Maven Toys Puebla 1,Puebla,Commercial,27,PlayDoh Toolkit,Art & Crafts,3.99,4.99,1,27,30,30,68,339.32,68.0,High cover over 30 days,35.7,107.73,134.73
5,Maven Toys La Paz 1,La Paz,Downtown,2,Animal Figures,Toys,9.99,12.99,1,14,22,23,26,337.74,78.0,High cover over 30 days,48.5,139.86,181.86
36,Maven Toys Morelia 1,Morelia,Downtown,33,Teddy Bear,Toys,10.99,12.99,1,21,0,0,26,337.74,52.0,High cover over 30 days,72.7,230.79,272.79
47,Maven Toys Monterrey 4,Monterrey,Commercial,27,PlayDoh Toolkit,Art & Crafts,3.99,4.99,1,36,16,53,66,329.34,66.0,High cover over 30 days,49.1,143.64,179.64
22,Maven Toys Guanajuato 2,Guanajuato,Commercial,26,PlayDoh Playset,Art & Crafts,20.99,24.99,1,15,0,0,13,324.87,52.0,High cover over 30 days,103.8,314.85,374.85
32,Maven Toys Hermosillo 1,Hermosillo,Residential,18,Lego Bricks,Toys,34.99,39.99,1,40,2,2,8,319.92,40.0,High cover over 30 days,450.0,1399.6,1599.6
9,Maven Toys Ciudad de Mexico 1,Cuidad de Mexico,Downtown,22,Monopoly,Games,13.99,19.99,1,9,9,16,16,319.84,96.0,High cover over 30 days,50.6,125.91,179.91
32,Maven Toys Hermosillo 1,Hermosillo,Residential,24,Nerf Gun,Sports & Outdoors,14.99,19.99,1,42,4,16,16,319.84,80.0,High cover over 30 days,236.3,629.58,839.58
35,Maven Toys Chilpancingo 1,Chilpancingo,Downtown,17,Kids Makeup Kit,Art & Crafts,13.99,19.99,1,10,8,8,16,319.84,96.0,High cover over 30 days,56.3,139.9,199.9
43,Maven Toys Durango 1,Durango,Downtown,29,Plush Pony,Toys,8.99,19.99,1,9,0,10,16,319.84,176.0,High cover over 30 days,50.6,80.91,179.91
24,Maven Toys Aguascalientes 1,Aguascalientes,Downtown,1,Action Figure,Toys,9.99,15.99,1,11,11,20,20,319.8,120.0,High cover over 30 days,49.5,109.89,175.89
19,Maven Toys Puebla 1,Puebla,Commercial,5,Classic Dominoes,Games,7.99,9.99,1,17,9,14,32,319.68,64.0,High cover over 30 days,47.8,135.83,169.83
24,Maven Toys Aguascalientes 1,Aguascalientes,Downtown,27,PlayDoh Toolkit,Art & Crafts,3.99,4.99,1,50,25,36,64,319.36,64.0,High cover over 30 days,70.3,199.5,249.5
38,Maven Toys Chihuahua 2,Chihuahua,Downtown,27,PlayDoh Toolkit,Art & Crafts,3.99,4.99,1,24,45,61,64,319.36,64.0,High cover over 30 days,33.8,95.76,119.76
38,Maven Toys Chihuahua 2,Chihuahua,Downtown,32,Supersoaker Water Gun,Sports & Outdoors,11.99,14.99,1,20,0,21,21,314.79,63.0,High cover over 30 days,85.7,239.8,299.8
14,Maven Toys Guanajuato 1,Guanajuato,Downtown,27,PlayDoh Toolkit,Art & Crafts,3.99,4.99,1,34,0,2,63,314.37,63.0,High cover over 30 days,48.6,135.66,169.66
24,Maven Toys Aguascalientes 1,Aguascalientes,Downtown,23,Mr. Potatohead,Toys,4.99,9.99,1,16,0,3,31,309.69,155.0,High cover over 30 days,46.5,79.84,159.84
41,Maven Toys Hermosillo 2,Hermosillo,Downtown,16,Jenga,Games,2.99,9.99,1,17,0,11,31,309.69,217.0,High cover over 30 days,49.4,50.83,169.83
16,Maven Toys San Luis Potosi 1,San Luis Potosi,Downtown,14,Glass Marbles,Games,5.99,10.99,1,19,13,13,28,307.72,140.0,High cover over 30 days,61.1,113.81,208.81
19,Maven Toys Puebla 1,Puebla,Commercial,26,PlayDoh Playset,Art & Crafts,20.99,24.99,1,5,12,12,12,299.88,48.0,High cover over 30 days,37.5,104.95,124.95
42,Maven Toys Hermosillo 3,Hermosillo,Commercial,27,PlayDoh Toolkit,Art & Crafts,3.99,4.99,1,23,0,21,59,294.41,59.0,High cover over 30 days,35.1,91.77,114.77
3,Maven Toys Guadalajara 2,Guadalajara,Commercial,11,Etch A Sketch,Art & Crafts,10.99,20.99,1,13,0,7,14,293.86,140.0,High cover over 30 days,83.6,142.87,272.87
13,Maven Toys Mexicali 2,Mexicali,Downtown,13,Gamer Headphones,Electronics,14.99,20.99,1,14,0,4,14,293.86,84.0,High cover over 30 days,90.0,209.86,293.86
12,Maven Toys Chetumal 1,Chetumal,Downtown,14,Glass Marbles,Games,5.99,10.99,1,13,9,9,26,285.74,130.0,High cover over 30 days,45.0,77.87,142.87
16,Maven Toys San Luis Potosi 1,San Luis Potosi,Downtown,32,Supersoaker Water Gun,Sports & Outdoors,11.99,14.99,1,7,0,0,19,284.81,57.0,High cover over 30 days,33.2,83.93,104.93
40,Maven Toys Toluca 2,Toluca,Commercial,32,Supersoaker Water Gun,Sports & Outdoors,11.99,14.99,1,7,0,14,19,284.81,57.0,High cover over 30 days,33.2,83.93,104.93
12,Maven Toys Chetumal 1,Chetumal,Downtown,17,Kids Makeup Kit,Art & Crafts,13.99,19.99,1,5,14,14,14,279.86,84.0,High cover over 30 days,32.1,69.95,99.95
16,Maven Toys San Luis Potosi 1,San Luis Potosi,Downtown,24,Nerf Gun,Sports & Outdoors,14.99,19.99,1,6,8,8,14,279.86,70.0,High cover over 30 days,38.6,89.94,119.94
28,Maven Toys Puebla 2,Puebla,Downtown,29,Plush Pony,Toys,8.99,19.99,1,5,3,12,14,279.86,154.0,High cover over 30 days,32.1,44.95,99.95
7,Maven Toys Monterrey 2,Monterrey,Downtown,5,Classic Dominoes,Games,7.99,9.99,1,19,11,11,28,279.72,56.0,High cover over 30 days,61.1,151.81,189.81
16,Maven Toys San Luis Potosi 1,San Luis Potosi,Downtown,12,Foam Disk Launcher,Sports & Outdoors,8.99,11.99,1,12,14,14,23,275.77,69.0,High cover over 30 days,47.0,107.88,143.88
3,Maven Toys Guadalajara 2,Guadalajara,Commercial,26,PlayDoh Playset,Art & Crafts,20.99,24.99,1,13,0,11,11,274.89,44.0,High cover over 30 days,106.4,272.87,324.87
35,Maven Toys Chilpancingo 1,Chilpancingo,Downtown,26,PlayDoh Playset,Art & Crafts,20.99,24.99,1,5,0,11,11,274.89,44.0,High cover over 30 days,40.9,104.95,124.95
15,Maven Toys Tuxtla Gutierrez 1,Tuxtla Gutierrez,Downtown,11,Etch A Sketch,Art & Crafts,10.99,20.99,1,28,0,13,13,272.87,130.0,High cover over 30 days,193.8,307.72,587.72
50,Maven Toys Guanajuato 3,Guanajuato,Residential,1,Action Figure,Toys,9.99,15.99,1,18,0,12,17,271.83,102.0,High cover over 30 days,95.3,179.82,287.82
15,Maven Toys Tuxtla Gutierrez 1,Tuxtla Gutierrez,Downtown,32,Supersoaker Water Gun,Sports & Outdoors,11.99,14.99,1,16,0,0,18,269.82,54.0,High cover over 30 days,80.0,191.84,239.84
18,Maven Toys Merida 1,Merida,Downtown,32,Supersoaker Water Gun,Sports & Outdoors,11.99,14.99,1,9,14,18,18,269.82,54.0,High cover over 30 days,45.0,107.91,134.91
20,Maven Toys Zacatecas 1,Zacatecas,Downtown,32,Supersoaker Water Gun,Sports & Outdoors,11.99,14.99,1,9,11,18,18,269.82,54.0,High cover over 30 days,45.0,107.91,134.91
2,Maven Toys Monterrey 1,Monterrey,Residential,15,Hot Wheels 5-Pack,Toys,3.99,5.99,1,20,35,45,45,269.55,90.0,High cover over 30 days,40.0,79.8,119.8
12,Maven Toys Chetumal 1,Chetumal,Downtown,28,Playfoam,Art & Crafts,3.99,10.99,1,10,17,24,24,263.76,168.0,High cover over 30 days,37.5,39.9,109.9
40,Maven Toys Toluca 2,Toluca,Commercial,14,Glass Marbles,Games,5.99,10.99,1,13,17,24,24,263.76,120.0,High cover over 30 days,48.8,77.87,142.87
2,Maven Toys Monterrey 1,Monterrey,Residential,29,Plush Pony,Toys,8.99,19.99,1,5,0,13,13,259.87,143.0,High cover over 30 days,34.6,44.95,99.95
37,Maven Toys Ciudad de Mexico 3,Cuidad de Mexico,Residential,22,Monopoly,Games,13.99,19.99,1,9,7,13,13,259.87,78.0,High cover over 30 days,62.3,125.91,179.91
3,Maven Toys Guadalajara 2,Guadalajara,Commercial,27,PlayDoh Toolkit,Art & Crafts,3.99,4.99,1,23,33,38,52,259.48,52.0,High cover over 30 days,39.8,91.77,114.77
27,Maven Toys Oaxaca 1,Oaxaca,Downtown,32,Supersoaker Water Gun,Sports & Outdoors,11.99,14.99,1,6,0,0,17,254.83,51.0,High cover over 30 days,31.8,71.94,89.94
35,Maven Toys Chilpancingo 1,Chilpancingo,Downtown,12,Foam Disk Launcher,Sports & Outdoors,8.99,11.99,1,15,0,3,21,251.79,63.0,High cover over 30 days,64.3,134.85,179.85
26,Maven Toys Campeche 2,Campeche,Commercial,20,Mini Basketball Hoop,Sports & Outdoors,8.99,24.99,1,6,7,10,10,249.9,160.0,High cover over 30 days,54.0,53.94,149.94
40,Maven Toys Toluca 2,Toluca,Commercial,26,PlayDoh Playset,Art & Crafts,20.99,24.99,1,4,0,10,10,249.9,40.0,High cover over 30 days,36.0,83.96,99.96
6,Maven Toys Mexicali 1,Mexicali,Commercial,23,Mr. Potatohead,Toys,4.99,9.99,1,15,1,12,25,249.75,125.0,High cover over 30 days,54.0,74.85,149.85
19,Maven Toys Puebla 1,Puebla,Commercial,35,Uno Card Game,Games,3.99,7.99,1,14,6,16,31,247.69,124.0,High cover over 30 days,40.6,55.86,111.86
42,Maven Toys Hermosillo 3,Hermosillo,Commercial,4,Chutes & Ladders,Games,9.99,12.99,1,11,6,6,19,246.81,57.0,High cover over 30 days,52.1,109.89,142.89
18,Maven Toys Merida 1,Merida,Downtown,22,Monopoly,Games,13.99,19.99,1,18,9,9,12,239.88,72.0,High cover over 30 days,135.0,251.82,359.82
25,Maven Toys Ciudad Victoria 1,Ciudad Victoria,Downtown,29,Plush Pony,Toys,8.99,19.99,1,6,0,4,12,239.88,132.0,High cover over 30 days,45.0,53.94,119.94
12,Maven Toys Chetumal 1,Chetumal,Downtown,12,Foam Disk Launcher,Sports & Outdoors,8.99,11.99,1,10,16,20,20,239.8,60.0,High cover over 30 days,45.0,89.9,119.9
3,Maven Toys Guadalajara 2,Guadalajara,Commercial,23,Mr. Potatohead,Toys,4.99,9.99,1,13,9,12,24,239.76,120.0,High cover over 30 days,48.8,64.87,129.87
12,Maven Toys Chetumal 1,Chetumal,Downtown,16,Jenga,Games,2.99,9.99,1,14,0,0,24,239.76,168.0,High cover over 30 days,52.5,41.86,139.86
22,Maven Toys Guanajuato 2,Guanajuato,Commercial,27,PlayDoh Toolkit,Art & Crafts,3.99,4.99,1,45,0,10,48,239.52,48.0,High cover over 30 days,84.4,179.55,224.55
43,Maven Toys Durango 1,Durango,Downtown,27,PlayDoh Toolkit,Art & Crafts,3.99,4.99,1,29,10,20,48,239.52,48.0,High cover over 30 days,54.4,115.71,144.71
5,Maven Toys La Paz 1,La Paz,Downtown,34,Toy Robot,Electronics,20.99,25.99,1,10,9,9,9,233.91,45.0,High cover over 30 days,100.0,209.9,259.9
48,Maven Toys Saltillo 2,Saltillo,Commercial,34,Toy Robot,Electronics,20.99,25.99,1,39,0,9,9,233.91,45.0,High cover over 30 days,390.0,818.61,1013.61
7,Maven Toys Monterrey 2,Monterrey,Downtown,23,Mr. Potatohead,Toys,4.99,9.99,1,9,17,17,23,229.77,115.0,High cover over 30 days,35.2,44.91,89.91
1,Maven Toys Guadalajara 1,Guadalajara,Residential,27,PlayDoh Toolkit,Art & Crafts,3.99,4.99,1,33,24,24,46,229.54,46.0,High cover over 30 days,64.6,131.67,164.67
41,Maven Toys Hermosillo 2,Hermosillo,Downtown,20,Mini Basketball Hoop,Sports & Outdoors,8.99,24.99,1,17,9,9,9,224.91,144.0,High cover over 30 days,170.0,152.83,424.83
50,Maven Toys Guanajuato 3,Guanajuato,Residential,32,Supersoaker Water Gun,Sports & Outdoors,11.99,14.99,1,9,15,15,15,224.85,45.0,High cover over 30 days,54.0,107.91,134.91
8,Maven Toys Pachuca 1,Pachuca,Downtown,4,Chutes & Ladders,Games,9.99,12.99,1,18,7,7,17,220.83,51.0,High cover over 30 days,95.3,179.82,233.82
48,Maven Toys Saltillo 2,Saltillo,Commercial,4,Chutes & Ladders,Games,9.99,12.99,1,15,0,0,17,220.83,51.0,High cover over 30 days,79.4,149.85,194.85
16,Maven Toys San Luis Potosi 1,San Luis Potosi,Downtown,29,Plush Pony,Toys,8.99,19.99,1,7,0,11,11,219.89,121.0,High cover over 30 days,57.3,62.93,139.93
26,Maven Toys Campeche 2,Campeche,Commercial,17,Kids Makeup Kit,Art & Crafts,13.99,19.99,1,6,5,11,11,219.89,66.0,High cover over 30 days,49.1,83.94,119.94
41,Maven Toys Hermosillo 2,Hermosillo,Downtown,22,Monopoly,Games,13.99,19.99,1,9,11,11,11,219.89,66.0,High cover over 30 days,73.6,125.91,179.91
18,Maven Toys Merida 1,Merida,Downtown,27,PlayDoh Toolkit,Art & Crafts,3.99,4.99,1,40,7,18,44,219.56,44.0,High cover over 30 days,81.8,159.6,199.6
46,Maven Toys Guadalajara 4,Guadalajara,Downtown,27,PlayDoh Toolkit,Art & Crafts,3.99,4.99,1,25,19,44,44,219.56,44.0,High cover over 30 days,51.1,99.75,124.75
20,Maven Toys Zacatecas 1,Zacatecas,Downtown,15,Hot Wheels 5-Pack,Toys,3.99,5.99,1,36,7,27,36,215.64,72.0,High cover over 30 days,90.0,143.64,215.64
8,Maven Toys Pachuca 1,Pachuca,Downtown,23,Mr. Potatohead,Toys,4.99,9.99,1,8,0,21,21,209.79,105.0,High cover over 30 days,34.3,39.92,79.92
11,Maven Toys Cuernavaca 1,Cuernavaca,Downtown,34,Toy Robot,Electronics,20.99,25.99,1,9,0,0,8,207.92,40.0,High cover over 30 days,101.3,188.91,233.91
39,Maven Toys Xalapa 2,Xalapa,Downtown,34,Toy Robot,Electronics,20.99,25.99,1,4,0,8,8,207.92,40.0,High cover over 30 days,45.0,83.96,103.96
9,Maven Toys Ciudad de Mexico 1,Cuidad de Mexico,Downtown,4,Chutes & Ladders,Games,9.99,12.99,1,6,0,16,16,207.84,48.0,High cover over 30 days,33.8,59.94,77.94
27,Maven Toys Oaxaca 1,Oaxaca,Downtown,33,Teddy Bear,Toys,10.99,12.99,1,7,15,15,16,207.84,32.0,High cover over 30 days,39.4,76.93,90.93
49,Maven Toys Culiacan 1,Culiacan,Downtown,33,Teddy Bear,Toys,10.99,12.99,1,15,0,16,16,207.84,32.0,High cover over 30 days,84.4,164.85,194.85
12,Maven Toys Chetumal 1,Chetumal,Downtown,35,Uno Card Game,Games,3.99,7.99,1,9,16,26,26,207.74,104.0,High cover over 30 days,31.2,35.91,71.91
44,Maven Toys Puebla 3,Puebla,Residential,27,PlayDoh Toolkit,Art & Crafts,3.99,4.99,1,24,0,4,41,204.59,41.0,High cover over 30 days,52.7,95.76,119.76
9,Maven Toys Ciudad de Mexico 1,Cuidad de Mexico,Downtown,20,Mini Basketball Hoop,Sports & Outdoors,8.99,24.99,1,4,0,0,8,199.92,128.0,High cover over 30 days,45.0,35.96,99.96
47,Maven Toys Monterrey 4,Monterrey,Commercial,21,Mini Ping Pong Set,Sports & Outdoors,6.99,9.99,1,25,0,20,20,199.8,60.0,High cover over 30 days,112.5,174.75,249.75
43,Maven Toys Durango 1,Durango,Downtown,14,Glass Marbles,Games,5.99,10.99,1,16,0,5,18,197.82,90.0,High cover over 30 days,80.0,95.84,175.84
38,Maven Toys Chihuahua 2,Chihuahua,Downtown,10,Dinosaur Figures,Toys,10.99,14.99,1,68,0,0,13,194.87,52.0,High cover over 30 days,470.8,747.32,1019.32
50,Maven Toys Guanajuato 3,Guanajuato,Residential,10,Dinosaur Figures,Toys,10.99,14.99,1,34,13,13,13,194.87,52.0,High cover over 30 days,235.4,373.66,509.66
21,Maven Toys Santiago 1,Santiago,Downtown,27,PlayDoh Toolkit,Art & Crafts,3.99,4.99,1,54,9,30,39,194.61,39.0,High cover over 30 days,124.6,215.46,269.46
27,Maven Toys Oaxaca 1,Oaxaca,Downtown,7,Dart Gun,Sports & Outdoors,11.99,15.99,1,22,0,12,12,191.88,48.0,High cover over 30 days,165.0,263.78,351.78
2,Maven Toys Monterrey 1,Monterrey,Residential,27,PlayDoh Toolkit,Art & Crafts,3.99,4.99,1,30,19,29,38,189.62,38.0,High cover over 30 days,71.1,119.7,149.7
5,Maven Toys La Paz 1,La Paz,Downtown,29,Plush Pony,Toys,8.99,19.99,1,8,9,9,9,179.91,99.0,High cover over 30 days,80.0,71.92,159.92
23,Maven Toys Chihuahua 1,Chihuahua,Commercial,29,Plush Pony,Toys,8.99,19.99,1,9,0,0,9,179.91,99.0,High cover over 30 days,90.0,80.91,179.91
26,Maven Toys Campeche 2,Campeche,Commercial,10,Dinosaur Figures,Toys,10.99,14.99,1,25,0,12,12,179.88,48.0,High cover over 30 days,187.5,274.75,374.75
36,Maven Toys Morelia 1,Morelia,Downtown,32,Supersoaker Water Gun,Sports & Outdoors,11.99,14.99,1,7,12,12,12,179.88,36.0,High cover over 30 days,52.5,83.93,104.93
43,Maven Toys Durango 1,Durango,Downtown,32,Supersoaker Water Gun,Sports & Outdoors,11.99,14.99,1,38,0,0,12,179.88,36.0,High cover over 30 days,285.0,455.62,569.62
10,Maven Toys Campeche 1,Campeche,Downtown,15,Hot Wheels 5-Pack,Toys,3.99,5.99,1,13,10,10,30,179.7,60.0,High cover over 30 days,39.0,51.87,77.87
7,Maven Toys Monterrey 2,Monterrey,Downtown,27,PlayDoh Toolkit,Art & Crafts,3.99,4.99,1,48,6,22,36,179.64,36.0,High cover over 30 days,120.0,191.52,239.52
8,Maven Toys Pachuca 1,Pachuca,Downtown,27,PlayDoh Toolkit,Art & Crafts,3.99,4.99,1,47,0,4,36,179.64,36.0,High cover over 30 days,117.5,187.53,234.53
8,Maven Toys Pachuca 1,Pachuca,Downtown,28,Playfoam,Art & Crafts,3.99,10.99,1,20,15,16,16,175.84,112.0,High cover over 30 days,112.5,79.8,219.8
5,Maven Toys La Paz 1,La Paz,Downtown,26,PlayDoh Playset,Art & Crafts,20.99,24.99,1,4,0,7,7,174.93,28.0,High cover over 30 days,51.4,83.96,99.96
34,Maven Toys Villahermosa 1,Villahermosa,Downtown,5,Classic Dominoes,Games,7.99,9.99,1,7,0,17,17,169.83,34.0,High cover over 30 days,37.1,55.93,69.93
5,Maven Toys La Paz 1,La Paz,Downtown,27,PlayDoh Toolkit,Art & Crafts,3.99,4.99,1,45,10,18,34,169.66,34.0,High cover over 30 days,119.1,179.55,224.55
38,Maven Toys Chihuahua 2,Chihuahua,Downtown,13,Gamer Headphones,Electronics,14.99,20.99,1,21,8,8,8,167.92,48.0,High cover over 30 days,236.3,314.79,440.79
7,Maven Toys Monterrey 2,Monterrey,Downtown,35,Uno Card Game,Games,3.99,7.99,1,17,8,8,21,167.79,84.0,High cover over 30 days,72.9,67.83,135.83
23,Maven Toys Chihuahua 1,Chihuahua,Commercial,32,Supersoaker Water Gun,Sports & Outdoors,11.99,14.99,1,11,11,11,11,164.89,33.0,High cover over 30 days,90.0,131.89,164.89
23,Maven Toys Chihuahua 1,Chihuahua,Commercial,15,Hot Wheels 5-Pack,Toys,3.99,5.99,1,14,7,27,27,161.73,54.0,High cover over 30 days,46.7,55.86,83.86
19,Maven Toys Puebla 1,Puebla,Commercial,22,Monopoly,Games,13.99,19.99,1,3,8,8,8,159.92,48.0,High cover over 30 days,33.8,41.97,59.97
24,Maven Toys Aguascalientes 1,Aguascalientes,Downtown,29,Plush Pony,Toys,8.99,19.99,1,3,0,0,8,159.92,88.0,High cover over 30 days,33.8,26.97,59.97
25,Maven Toys Ciudad Victoria 1,Ciudad Victoria,Downtown,17,Kids Makeup Kit,Art & Crafts,13.99,19.99,1,4,0,8,8,159.92,48.0,High cover over 30 days,45.0,55.96,79.96
46,Maven Toys Guadalajara 4,Guadalajara,Downtown,29,Plush Pony,Toys,8.99,19.99,1,3,8,8,8,159.92,88.0,High cover over 30 days,33.8,26.97,59.97
22,Maven Toys Guanajuato 2,Guanajuato,Commercial,5,Classic Dominoes,Games,7.99,9.99,1,14,0,9,16,159.84,32.0,High cover over 30 days,78.8,111.86,139.86
42,Maven Toys Hermosillo 3,Hermosillo,Commercial,35,Uno Card Game,Games,3.99,7.99,1,13,0,0,20,159.8,80.0,High cover over 30 days,58.5,51.87,103.87
27,Maven Toys Oaxaca 1,Oaxaca,Downtown,27,PlayDoh Toolkit,Art & Crafts,3.99,4.99,1,11,9,15,32,159.68,32.0,High cover over 30 days,30.9,43.89,54.89
50,Maven Toys Guanajuato 3,Guanajuato,Residential,27,PlayDoh Toolkit,Art & Crafts,3.99,4.99,1,14,13,27,32,159.68,32.0,High cover over 30 days,39.4,55.86,69.86
34,Maven Toys Villahermosa 1,Villahermosa,Downtown,34,Toy Robot,Electronics,20.99,25.99,1,17,6,6,6,155.94,30.0,High cover over 30 days,255.0,356.83,441.83
5,Maven Toys La Paz 1,La Paz,Downtown,33,Teddy Bear,Toys,10.99,12.99,1,17,0,0,12,155.88,24.0,High cover over 30 days,127.5,186.83,220.83
10,Maven Toys Campeche 1,Campeche,Downtown,33,Teddy Bear,Toys,10.99,12.99,1,12,5,5,12,155.88,24.0,High cover over 30 days,90.0,131.88,155.88
46,Maven Toys Guadalajara 4,Guadalajara,Downtown,33,Teddy Bear,Toys,10.99,12.99,1,11,2,12,12,155.88,24.0,High cover over 30 days,82.5,120.89,142.89
50,Maven Toys Guanajuato 3,Guanajuato,Residential,4,Chutes & Ladders,Games,9.99,12.99,1,16,0,0,12,155.88,36.0,High cover over 30 days,120.0,159.84,207.84
25,Maven Toys Ciudad Victoria 1,Ciudad Victoria,Downtown,12,Foam Disk Launcher,Sports & Outdoors,8.99,11.99,1,17,4,13,13,155.87,39.0,High cover over 30 days,117.7,152.83,203.83
26,Maven Toys Campeche 2,Campeche,Commercial,12,Foam Disk Launcher,Sports & Outdoors,8.99,11.99,1,14,0,9,13,155.87,39.0,High cover over 30 days,96.9,125.86,167.86
28,Maven Toys Puebla 2,Puebla,Downtown,27,PlayDoh Toolkit,Art & Crafts,3.99,4.99,1,24,12,20,31,154.69,31.0,High cover over 30 days,69.7,95.76,119.76
49,Maven Toys Culiacan 1,Culiacan,Downtown,20,Mini Basketball Hoop,Sports & Outdoors,8.99,24.99,1,13,6,6,6,149.94,96.0,High cover over 30 days,195.0,116.87,324.87
2,Maven Toys Monterrey 1,Monterrey,Residential,32,Supersoaker Water Gun,Sports & Outdoors,11.99,14.99,1,10,0,10,10,149.9,30.0,High cover over 30 days,90.0,119.9,149.9
28,Maven Toys Puebla 2,Puebla,Downtown,21,Mini Ping Pong Set,Sports & Outdoors,6.99,9.99,1,11,6,10,15,149.85,45.0,High cover over 30 days,66.0,76.89,109.89
44,Maven Toys Puebla 3,Puebla,Residential,5,Classic Dominoes,Games,7.99,9.99,1,14,0,15,15,149.85,30.0,High cover over 30 days,84.0,111.86,139.86
39,Maven Toys Xalapa 2,Xalapa,Downtown,13,Gamer Headphones,Electronics,14.99,20.99,1,15,7,7,7,146.93,42.0,High cover over 30 days,192.9,224.85,314.85
49,Maven Toys Culiacan 1,Culiacan,Downtown,12,Foam Disk Launcher,Sports & Outdoors,8.99,11.99,1,14,0,0,12,143.88,36.0,High cover over 30 days,105.0,125.86,167.86
26,Maven Toys Campeche 2,Campeche,Commercial,35,Uno Card Game,Games,3.99,7.99,1,8,14,18,18,143.82,72.0,High cover over 30 days,40.0,31.92,63.92
25,Maven Toys Ciudad Victoria 1,Ciudad Victoria,Downtown,14,Glass Marbles,Games,5.99,10.99,1,20,11,11,13,142.87,65.0,High cover over 30 days,138.5,119.8,219.8
29,Maven Toys Xalapa 1,Xalapa,Commercial,29,Plush Pony,Toys,8.99,19.99,1,6,7,7,7,139.93,77.0,High cover over 30 days,77.1,53.94,119.94
42,Maven Toys Hermosillo 3,Hermosillo,Commercial,22,Monopoly,Games,13.99,19.99,1,7,0,7,7,139.93,42.0,High cover over 30 days,90.0,97.93,139.93
9,Maven Toys Ciudad de Mexico 1,Cuidad de Mexico,Downtown,16,Jenga,Games,2.99,9.99,1,5,2,14,14,139.86,98.0,High cover over 30 days,32.1,14.95,49.95
18,Maven Toys Merida 1,Merida,Downtown,16,Jenga,Games,2.99,9.99,1,10,13,14,14,139.86,98.0,High cover over 30 days,64.3,29.9,99.9
30,Maven Toys Guadalajara 3,Guadalajara,Airport,21,Mini Ping Pong Set,Sports & Outdoors,6.99,9.99,1,18,14,14,14,139.86,42.0,High cover over 30 days,115.7,125.82,179.82
30,Maven Toys Guadalajara 3,Guadalajara,Airport,23,Mr. Potatohead,Toys,4.99,9.99,1,12,0,7,14,139.86,70.0,High cover over 30 days,77.1,59.88,119.88
37,Maven Toys Ciudad de Mexico 3,Cuidad de Mexico,Residential,16,Jenga,Games,2.99,9.99,1,6,0,3,14,139.86,98.0,High cover over 30 days,38.6,17.94,59.94
10,Maven Toys Campeche 1,Campeche,Downtown,27,PlayDoh Toolkit,Art & Crafts,3.99,4.99,1,24,16,20,28,139.72,28.0,High cover over 30 days,77.1,95.76,119.76
37,Maven Toys Ciudad de Mexico 3,Cuidad de Mexico,Residential,35,Uno Card Game,Games,3.99,7.99,1,14,0,17,17,135.83,68.0,High cover over 30 days,74.1,55.86,111.86
2,Maven Toys Monterrey 1,Monterrey,Residential,31,Splash Balls,Sports & Outdoors,7.99,8.99,1,18,8,15,15,134.85,15.0,High cover over 30 days,108.0,143.82,161.82
26,Maven Toys Campeche 2,Campeche,Commercial,4,Chutes & Ladders,Games,9.99,12.99,1,12,6,6,10,129.9,30.0,High cover over 30 days,108.0,119.88,155.88
48,Maven Toys Saltillo 2,Saltillo,Commercial,16,Jenga,Games,2.99,9.99,1,5,9,13,13,129.87,91.0,High cover over 30 days,34.6,14.95,49.95
20,Maven Toys Zacatecas 1,Zacatecas,Downtown,8,Deck Of Cards,Games,3.99,6.99,1,26,5,18,18,125.82,54.0,High cover over 30 days,130.0,103.74,181.74
4,Maven Toys Saltillo 1,Saltillo,Downtown,26,PlayDoh Playset,Art & Crafts,20.99,24.99,1,10,0,5,5,124.95,20.0,High cover over 30 days,180.0,209.9,249.9
34,Maven Toys Villahermosa 1,Villahermosa,Downtown,26,PlayDoh Playset,Art & Crafts,20.99,24.99,1,3,0,5,5,124.95,20.0,High cover over 30 days,54.0,62.97,74.97
12,Maven Toys Chetumal 1,Chetumal,Downtown,27,PlayDoh Toolkit,Art & Crafts,3.99,4.99,1,36,10,23,25,124.75,25.0,High cover over 30 days,129.6,143.64,179.64
15,Maven Toys Tuxtla Gutierrez 1,Tuxtla Gutierrez,Downtown,27,PlayDoh Toolkit,Art & Crafts,3.99,4.99,1,26,0,11,25,124.75,25.0,High cover over 30 days,93.6,103.74,129.74
40,Maven Toys Toluca 2,Toluca,Commercial,27,PlayDoh Toolkit,Art & Crafts,3.99,4.99,1,25,0,0,25,124.75,25.0,High cover over 30 days,90.0,99.75,124.75
6,Maven Toys Mexicali 1,Mexicali,Commercial,14,Glass Marbles,Games,5.99,10.99,1,11,0,0,11,120.89,55.0,High cover over 30 days,90.0,65.89,120.89
45,Maven Toys Ciudad de Mexico 4,Cuidad de Mexico,Commercial,29,Plush Pony,Toys,8.99,19.99,1,4,3,3,6,119.94,66.0,High cover over 30 days,60.0,35.96,79.96
16,Maven Toys San Luis Potosi 1,San Luis Potosi,Downtown,10,Dinosaur Figures,Toys,10.99,14.99,1,43,0,8,8,119.92,32.0,High cover over 30 days,483.8,472.57,644.57
17,Maven Toys Toluca 1,Toluca,Downtown,23,Mr. Potatohead,Toys,4.99,9.99,1,13,0,8,12,119.88,60.0,High cover over 30 days,97.5,64.87,129.87
33,Maven Toys Monterrey 3,Monterrey,Airport,16,Jenga,Games,2.99,9.99,1,5,0,0,12,119.88,84.0,High cover over 30 days,37.5,14.95,49.95
36,Maven Toys Morelia 1,Morelia,Downtown,16,Jenga,Games,2.99,9.99,1,7,0,0,12,119.88,84.0,High cover over 30 days,52.5,20.93,69.93
36,Maven Toys Morelia 1,Morelia,Downtown,7,Dart Gun,Sports & Outdoors,11.99,15.99,1,15,0,7,7,111.93,28.0,High cover over 30 days,192.9,179.85,239.85
4,Maven Toys Saltillo 1,Saltillo,Downtown,16,Jenga,Games,2.99,9.99,1,8,0,0,11,109.89,77.0,High cover over 30 days,65.5,23.92,79.92
27,Maven Toys Oaxaca 1,Oaxaca,Downtown,23,Mr. Potatohead,Toys,4.99,9.99,1,16,0,0,11,109.89,55.0,High cover over 30 days,130.9,79.84,159.84
48,Maven Toys Saltillo 2,Saltillo,Commercial,27,PlayDoh Toolkit,Art & Crafts,3.99,4.99,1,17,11,18,22,109.78,22.0,High cover over 30 days,69.5,67.83,84.83
41,Maven Toys Hermosillo 2,Hermosillo,Downtown,12,Foam Disk Launcher,Sports & Outdoors,8.99,11.99,1,19,0,4,9,107.91,27.0,High cover over 30 days,190.0,170.81,227.81
45,Maven Toys Ciudad de Mexico 4,Cuidad de Mexico,Commercial,12,Foam Disk Launcher,Sports & Outdoors,8.99,11.99,1,8,0,0,9,107.91,27.0,High cover over 30 days,80.0,71.92,95.92
39,Maven Toys Xalapa 2,Xalapa,Downtown,6,Colorbuds,Electronics,6.99,14.99,1,11,0,0,7,104.93,56.0,High cover over 30 days,141.4,76.89,164.89
11,Maven Toys Cuernavaca 1,Cuernavaca,Downtown,33,Teddy Bear,Toys,10.99,12.99,1,6,2,2,8,103.92,16.0,High cover over 30 days,67.5,65.94,77.94
12,Maven Toys Chetumal 1,Chetumal,Downtown,4,Chutes & Ladders,Games,9.99,12.99,1,8,2,2,8,103.92,24.0,High cover over 30 days,90.0,79.92,103.92
27,Maven Toys Oaxaca 1,Oaxaca,Downtown,17,Kids Makeup Kit,Art & Crafts,13.99,19.99,1,2,5,5,5,99.95,30.0,High cover over 30 days,36.0,27.98,39.98
38,Maven Toys Chihuahua 2,Chihuahua,Downtown,29,Plush Pony,Toys,8.99,19.99,1,25,5,5,5,99.95,55.0,High cover over 30 days,450.0,224.75,499.75
9,Maven Toys Ciudad de Mexico 1,Cuidad de Mexico,Downtown,12,Foam Disk Launcher,Sports & Outdoors,8.99,11.99,1,6,0,0,8,95.92,24.0,High cover over 30 days,67.5,53.94,71.94
49,Maven Toys Culiacan 1,Culiacan,Downtown,35,Uno Card Game,Games,3.99,7.99,1,19,0,7,12,95.88,48.0,High cover over 30 days,142.5,75.81,151.81
6,Maven Toys Mexicali 1,Mexicali,Commercial,33,Teddy Bear,Toys,10.99,12.99,1,7,0,7,7,90.93,14.0,High cover over 30 days,90.0,76.93,90.93
16,Maven Toys San Luis Potosi 1,San Luis Potosi,Downtown,4,Chutes & Ladders,Games,9.99,12.99,1,7,0,0,7,90.93,21.0,High cover over 30 days,90.0,69.93,90.93
34,Maven Toys Villahermosa 1,Villahermosa,Downtown,4,Chutes & Ladders,Games,9.99,12.99,1,15,0,0,7,90.93,21.0,High cover over 30 days,192.9,149.85,194.85
27,Maven Toys Oaxaca 1,Oaxaca,Downtown,10,Dinosaur Figures,Toys,10.99,14.99,1,45,6,6,6,89.94,24.0,High cover over 30 days,675.0,494.55,674.55
8,Maven Toys Pachuca 1,Pachuca,Downtown,16,Jenga,Games,2.99,9.99,1,8,8,8,9,89.91,63.0,High cover over 30 days,80.0,23.92,79.92
23,Maven Toys Chihuahua 1,Chihuahua,Commercial,16,Jenga,Games,2.99,9.99,1,7,9,9,9,89.91,63.0,High cover over 30 days,70.0,20.93,69.93
27,Maven Toys Oaxaca 1,Oaxaca,Downtown,14,Glass Marbles,Games,5.99,10.99,1,21,0,4,8,87.92,40.0,High cover over 30 days,236.3,125.79,230.79
33,Maven Toys Monterrey 3,Monterrey,Airport,29,Plush Pony,Toys,8.99,19.99,1,9,0,0,4,79.96,44.0,High cover over 30 days,202.5,80.91,179.91
50,Maven Toys Guanajuato 3,Guanajuato,Residential,16,Jenga,Games,2.99,9.99,1,5,8,8,8,79.92,56.0,High cover over 30 days,56.3,14.95,49.95
23,Maven Toys Chihuahua 1,Chihuahua,Commercial,35,Uno Card Game,Games,3.99,7.99,1,4,0,0,10,79.9,40.0,High cover over 30 days,36.0,15.96,31.96
24,Maven Toys Aguascalientes 1,Aguascalientes,Downtown,35,Uno Card Game,Games,3.99,7.99,1,19,0,10,10,79.9,40.0,High cover over 30 days,171.0,75.81,151.81
18,Maven Toys Merida 1,Merida,Downtown,4,Chutes & Ladders,Games,9.99,12.99,1,10,0,2,6,77.94,18.0,High cover over 30 days,150.0,99.9,129.9
19,Maven Toys Puebla 1,Puebla,Commercial,4,Chutes & Ladders,Games,9.99,12.99,1,18,0,0,6,77.94,18.0,High cover over 30 days,270.0,179.82,233.82
38,Maven Toys Chihuahua 2,Chihuahua,Downtown,33,Teddy Bear,Toys,10.99,12.99,1,9,0,6,6,77.94,12.0,High cover over 30 days,135.0,98.91,116.91
36,Maven Toys Morelia 1,Morelia,Downtown,3,Barrel O' Slime,Art & Crafts,1.99,3.99,1,26,3,15,19,75.81,38.0,High cover over 30 days,123.2,51.74,103.74
8,Maven Toys Pachuca 1,Pachuca,Downtown,32,Supersoaker Water Gun,Sports & Outdoors,11.99,14.99,1,7,5,5,5,74.95,15.0,High cover over 30 days,126.0,83.93,104.93
42,Maven Toys Hermosillo 3,Hermosillo,Commercial,32,Supersoaker Water Gun,Sports & Outdoors,11.99,14.99,1,4,0,0,5,74.95,15.0,High cover over 30 days,72.0,47.96,59.96
13,Maven Toys Mexicali 2,Mexicali,Downtown,27,PlayDoh Toolkit,Art & Crafts,3.99,4.99,1,56,0,15,15,74.85,15.0,High cover over 30 days,336.0,223.44,279.44
37,Maven Toys Ciudad de Mexico 3,Cuidad de Mexico,Residential,27,PlayDoh Toolkit,Art & Crafts,3.99,4.99,1,18,5,5,15,74.85,15.0,High cover over 30 days,108.0,71.82,89.82
1,Maven Toys Guadalajara 1,Guadalajara,Residential,16,Jenga,Games,2.99,9.99,1,8,0,5,7,69.93,49.0,High cover over 30 days,102.9,23.92,79.92
33,Maven Toys Monterrey 3,Monterrey,Airport,5,Classic Dominoes,Games,7.99,9.99,1,7,0,0,7,69.93,14.0,High cover over 30 days,90.0,55.93,69.93
42,Maven Toys Hermosillo 3,Hermosillo,Commercial,5,Classic Dominoes,Games,7.99,9.99,1,12,0,7,7,69.93,14.0,High cover over 30 days,154.3,95.88,119.88
10,Maven Toys Campeche 1,Campeche,Downtown,2,Animal Figures,Toys,9.99,12.99,1,17,5,5,5,64.95,15.0,High cover over 30 days,306.0,169.83,220.83
21,Maven Toys Santiago 1,Santiago,Downtown,33,Teddy Bear,Toys,10.99,12.99,1,16,0,5,5,64.95,10.0,High cover over 30 days,288.0,175.84,207.84
22,Maven Toys Guanajuato 2,Guanajuato,Commercial,33,Teddy Bear,Toys,10.99,12.99,1,8,0,5,5,64.95,10.0,High cover over 30 days,144.0,87.92,103.92
26,Maven Toys Campeche 2,Campeche,Commercial,1,Action Figure,Toys,9.99,15.99,1,6,4,4,4,63.96,24.0,High cover over 30 days,135.0,59.94,95.94
30,Maven Toys Guadalajara 3,Guadalajara,Airport,32,Supersoaker Water Gun,Sports & Outdoors,11.99,14.99,1,13,0,0,4,59.96,12.0,High cover over 30 days,292.5,155.87,194.87
33,Maven Toys Monterrey 3,Monterrey,Airport,32,Supersoaker Water Gun,Sports & Outdoors,11.99,14.99,1,15,0,0,4,59.96,12.0,High cover over 30 days,337.5,179.85,224.85
26,Maven Toys Campeche 2,Campeche,Commercial,5,Classic Dominoes,Games,7.99,9.99,1,8,0,6,6,59.94,12.0,High cover over 30 days,120.0,63.92,79.92
36,Maven Toys Morelia 1,Morelia,Downtown,21,Mini Ping Pong Set,Sports & Outdoors,6.99,9.99,1,33,6,6,6,59.94,18.0,High cover over 30 days,495.0,230.67,329.67
28,Maven Toys Puebla 2,Puebla,Downtown,33,Teddy Bear,Toys,10.99,12.99,1,9,0,4,4,51.96,8.0,High cover over 30 days,202.5,98.91,116.91
49,Maven Toys Culiacan 1,Culiacan,Downtown,4,Chutes & Ladders,Games,9.99,12.99,1,19,2,2,4,51.96,12.0,High cover over 30 days,427.5,189.81,246.81
50,Maven Toys Guanajuato 3,Guanajuato,Residential,26,PlayDoh Playset,Art & Crafts,20.99,24.99,1,9,0,2,2,49.98,8.0,High cover over 30 days,405.0,188.91,224.91
18,Maven Toys Merida 1,Merida,Downtown,23,Mr. Potatohead,Toys,4.99,9.99,1,16,0,0,5,49.95,25.0,High cover over 30 days,288.0,79.84,159.84
24,Maven Toys Aguascalientes 1,Aguascalientes,Downtown,5,Classic Dominoes,Games,7.99,9.99,1,4,5,5,5,49.95,10.0,High cover over 30 days,72.0,31.96,39.96
42,Maven Toys Hermosillo 3,Hermosillo,Commercial,23,Mr. Potatohead,Toys,4.99,9.99,1,31,0,0,5,49.95,25.0,High cover over 30 days,558.0,154.69,309.69
50,Maven Toys Guanajuato 3,Guanajuato,Residential,5,Classic Dominoes,Games,7.99,9.99,1,3,0,5,5,49.95,10.0,High cover over 30 days,54.0,23.97,29.97
21,Maven Toys Santiago 1,Santiago,Downtown,23,Mr. Potatohead,Toys,4.99,9.99,1,30,0,4,4,39.96,20.0,High cover over 30 days,675.0,149.7,299.7
23,Maven Toys Chihuahua 1,Chihuahua,Commercial,5,Classic Dominoes,Games,7.99,9.99,1,4,4,4,4,39.96,8.0,High cover over 30 days,90.0,31.96,39.96
32,Maven Toys Hermosillo 1,Hermosillo,Residential,2,Animal Figures,Toys,9.99,12.99,1,10,0,3,3,38.97,9.0,High cover over 30 days,300.0,99.9,129.9
40,Maven Toys Toluca 2,Toluca,Commercial,33,Teddy Bear,Toys,10.99,12.99,1,16,0,3,3,38.97,6.0,High cover over 30 days,480.0,175.84,207.84
50,Maven Toys Guanajuato 3,Guanajuato,Residential,35,Uno Card Game,Games,3.99,7.99,1,8,3,3,4,31.96,16.0,High cover over 30 days,180.0,31.92,63.92
48,Maven Toys Saltillo 2,Saltillo,Commercial,32,Supersoaker Water Gun,Sports & Outdoors,11.99,14.99,1,7,0,2,2,29.98,6.0,High cover over 30 days,315.0,83.93,104.93
8,Maven Toys Pachuca 1,Pachuca,Downtown,5,Classic Dominoes,Games,7.99,9.99,1,10,0,0,3,29.97,6.0,High cover over 30 days,300.0,79.9,99.9
40,Maven Toys Toluca 2,Toluca,Commercial,21,Mini Ping Pong Set,Sports & Outdoors,6.99,9.99,1,10,0,0,3,29.97,9.0,High cover over 30 days,300.0,69.9,99.9
2,Maven Toys Monterrey 1,Monterrey,Residential,33,Teddy Bear,Toys,10.99,12.99,1,11,0,2,2,25.98,4.0,High cover over 30 days,495.0,120.89,142.89
16,Maven Toys San Luis Potosi 1,San Luis Potosi,Downtown,33,Teddy Bear,Toys,10.99,12.99,1,6,0,0,2,25.98,4.0,High cover over 30 days,270.0,65.94,77.94
28,Maven Toys Puebla 2,Puebla,Downtown,26,PlayDoh Playset,Art & Crafts,20.99,24.99,1,15,0,0,1,24.99,4.0,High cover over 30 days,1350.0,314.85,374.85
6,Maven Toys Mexicali 1,Mexicali,Commercial,27,PlayDoh Toolkit,Art & Crafts,3.99,4.99,1,37,0,0,5,24.95,5.0,High cover over 30 days,666.0,147.63,184.63
18,Maven Toys Merida 1,Merida,Downtown,12,Foam Disk Launcher,Sports & Outdoors,8.99,11.99,1,3,2,2,2,23.98,6.0,High cover over 30 days,135.0,26.97,35.97
7,Maven Toys Monterrey 2,Monterrey,Downtown,29,Plush Pony,Toys,8.99,19.99,1,8,0,1,1,19.99,11.0,High cover over 30 days,720.0,71.92,159.92
24,Maven Toys Aguascalientes 1,Aguascalientes,Downtown,16,Jenga,Games,2.99,9.99,1,3,0,0,2,19.98,14.0,High cover over 30 days,135.0,8.97,29.97
40,Maven Toys Toluca 2,Toluca,Commercial,23,Mr. Potatohead,Toys,4.99,9.99,1,10,0,0,2,19.98,10.0,High cover over 30 days,450.0,49.9,99.9
14,Maven Toys Guanajuato 1,Guanajuato,Downtown,32,Supersoaker Water Gun,Sports & Outdoors,11.99,14.99,1,2,1,1,1,14.99,3.0,High cover over 30 days,180.0,23.98,29.98
33,Maven Toys Monterrey 3,Monterrey,Airport,4,Chutes & Ladders,Games,9.99,12.99,1,15,0,1,1,12.99,3.0,High cover over 30 days,1350.0,149.85,194.85
42,Maven Toys Hermosillo 3,Hermosillo,Commercial,33,Teddy Bear,Toys,10.99,12.99,1,18,1,1,1,12.99,2.0,High cover over 30 days,1620.0,197.82,233.82
12,Maven Toys Chetumal 1,Chetumal,Downtown,23,Mr. Potatohead,Toys,4.99,9.99,1,15,0,1,1,9.99,5.0,High cover over 30 days,1350.0,74.85,149.85
1,Maven Toys Guadalajara 1,Guadalajara,Residential,20,Mini Basketball Hoop,Sports & Outdoors,8.99,24.99,1,11,0,0,0,0.0,0.0,No recent sales,,98.89,274.89
1,Maven Toys Guadalajara 1,Guadalajara,Residential,26,PlayDoh Playset,Art & Crafts,20.99,24.99,1,13,0,0,0,0.0,0.0,No recent sales,,272.87,324.87
1,Maven Toys Guadalajara 1,Guadalajara,Residential,35,Uno Card Game,Games,3.99,7.99,1,12,0,0,0,0.0,0.0,No recent sales,,47.88,95.88
3,Maven Toys Guadalajara 2,Guadalajara,Commercial,32,Supersoaker Water Gun,Sports & Outdoors,11.99,14.99,1,4,0,0,0,0.0,0.0,No recent sales,,47.96,59.96
4,Maven Toys Saltillo 1,Saltillo,Downtown,33,Teddy Bear,Toys,10.99,12.99,1,2,0,0,0,0.0,0.0,No recent sales,,21.98,25.98
6,Maven Toys Mexicali 1,Mexicali,Commercial,5,Classic Dominoes,Games,7.99,9.99,1,8,0,0,0,0.0,0.0,No recent sales,,63.92,79.92
6,Maven Toys Mexicali 1,Mexicali,Commercial,7,Dart Gun,Sports & Outdoors,11.99,15.99,1,18,0,0,0,0.0,0.0,No recent sales,,215.82,287.82
6,Maven Toys Mexicali 1,Mexicali,Commercial,16,Jenga,Games,2.99,9.99,1,10,0,0,0,0.0,0.0,No recent sales,,29.9,99.9
6,Maven Toys Mexicali 1,Mexicali,Commercial,17,Kids Makeup Kit,Art & Crafts,13.99,19.99,1,22,0,0,0,0.0,0.0,No recent sales,,307.78,439.78
6,Maven Toys Mexicali 1,Mexicali,Commercial,18,Lego Bricks,Toys,34.99,39.99,1,11,0,0,0,0.0,0.0,No recent sales,,384.89,439.89
6,Maven Toys Mexicali 1,Mexicali,Commercial,20,Mini Basketball Hoop,Sports & Outdoors,8.99,24.99,1,9,0,0,0,0.0,0.0,No recent sales,,80.91,224.91
6,Maven Toys Mexicali 1,Mexicali,Commercial,26,PlayDoh Playset,Art & Crafts,20.99,24.99,1,7,0,0,0,0.0,0.0,No recent sales,,146.93,174.93
6,Maven Toys Mexicali 1,Mexicali,Commercial,29,Plush Pony,Toys,8.99,19.99,1,10,0,0,0,0.0,0.0,No recent sales,,89.9,199.9
6,Maven Toys Mexicali 1,Mexicali,Commercial,32,Supersoaker Water Gun,Sports & Outdoors,11.99,14.99,1,7,0,0,0,0.0,0.0,No recent sales,,83.93,104.93
7,Maven Toys Monterrey 2,Monterrey,Downtown,32,Supersoaker Water Gun,Sports & Outdoors,11.99,14.99,1,3,0,0,0,0.0,0.0,No recent sales,,35.97,44.97
7,Maven Toys Monterrey 2,Monterrey,Downtown,33,Teddy Bear,Toys,10.99,12.99,1,18,0,0,0,0.0,0.0,No recent sales,,197.82,233.82
8,Maven Toys Pachuca 1,Pachuca,Downtown,10,Dinosaur Figures,Toys,10.99,14.99,1,54,0,0,0,0.0,0.0,No recent sales,,593.46,809.46
8,Maven Toys Pachuca 1,Pachuca,Downtown,20,Mini Basketball Hoop,Sports & Outdoors,8.99,24.99,1,5,0,0,0,0.0,0.0,No recent sales,,44.95,124.95
8,Maven Toys Pachuca 1,Pachuca,Downtown,29,Plush Pony,Toys,8.99,19.99,1,3,0,0,0,0.0,0.0,No recent sales,,26.97,59.97
8,Maven Toys Pachuca 1,Pachuca,Downtown,34,Toy Robot,Electronics,20.99,25.99,1,18,0,0,0,0.0,0.0,No recent sales,,377.82,467.82
9,Maven Toys Ciudad de Mexico 1,Cuidad de Mexico,Downtown,29,Plush Pony,Toys,8.99,19.99,1,8,0,0,0,0.0,0.0,No recent sales,,71.92,159.92
9,Maven Toys Ciudad de Mexico 1,Cuidad de Mexico,Downtown,32,Supersoaker Water Gun,Sports & Outdoors,11.99,14.99,1,3,0,0,0,0.0,0.0,No recent sales,,35.97,44.97
10,Maven Toys Campeche 1,Campeche,Downtown,20,Mini Basketball Hoop,Sports & Outdoors,8.99,24.99,1,4,0,0,0,0.0,0.0,No recent sales,,35.96,99.96
10,Maven Toys Campeche 1,Campeche,Downtown,32,Supersoaker Water Gun,Sports & Outdoors,11.99,14.99,1,13,0,0,0,0.0,0.0,No recent sales,,155.87,194.87
11,Maven Toys Cuernavaca 1,Cuernavaca,Downtown,10,Dinosaur Figures,Toys,10.99,14.99,1,17,0,0,0,0.0,0.0,No recent sales,,186.83,254.83
11,Maven Toys Cuernavaca 1,Cuernavaca,Downtown,32,Supersoaker Water Gun,Sports & Outdoors,11.99,14.99,1,4,0,0,0,0.0,0.0,No recent sales,,47.96,59.96
12,Maven Toys Chetumal 1,Chetumal,Downtown,20,Mini Basketball Hoop,Sports & Outdoors,8.99,24.99,1,15,0,0,0,0.0,0.0,No recent sales,,134.85,374.85
12,Maven Toys Chetumal 1,Chetumal,Downtown,26,PlayDoh Playset,Art & Crafts,20.99,24.99,1,20,0,0,0,0.0,0.0,No recent sales,,419.8,499.8
12,Maven Toys Chetumal 1,Chetumal,Downtown,29,Plush Pony,Toys,8.99,19.99,1,19,0,0,0,0.0,0.0,No recent sales,,170.81,379.81
12,Maven Toys Chetumal 1,Chetumal,Downtown,32,Supersoaker Water Gun,Sports & Outdoors,11.99,14.99,1,9,0,0,0,0.0,0.0,No recent sales,,107.91,134.91
12,Maven Toys Chetumal 1,Chetumal,Downtown,33,Teddy Bear,Toys,10.99,12.99,1,5,0,0,0,0.0,0.0,No recent sales,,54.95,64.95
13,Maven Toys Mexicali 2,Mexicali,Downtown,26,PlayDoh Playset,Art & Crafts,20.99,24.99,1,2,0,0,0,0.0,0.0,No recent sales,,41.98,49.98
13,Maven Toys Mexicali 2,Mexicali,Downtown,29,Plush Pony,Toys,8.99,19.99,1,3,0,0,0,0.0,0.0,No recent sales,,26.97,59.97
13,Maven Toys Mexicali 2,Mexicali,Downtown,32,Supersoaker Water Gun,Sports & Outdoors,11.99,14.99,1,7,0,0,0,0.0,0.0,No recent sales,,83.93,104.93
14,Maven Toys Guanajuato 1,Guanajuato,Downtown,26,PlayDoh Playset,Art & Crafts,20.99,24.99,1,3,0,0,0,0,0,No recent sales,,62.97,74.97
15,Maven Toys Tuxtla Gutierrez 1,Tuxtla Gutierrez,Downtown,26,PlayDoh Playset,Art & Crafts,20.99,24.99,1,17,0,0,0,0.0,0.0,No recent sales,,356.83,424.83
16,Maven Toys San Luis Potosi 1,San Luis Potosi,Downtown,5,Classic Dominoes,Games,7.99,9.99,1,14,0,0,0,0.0,0.0,No recent sales,,111.86,139.86
16,Maven Toys San Luis Potosi 1,San Luis Potosi,Downtown,26,PlayDoh Playset,Art & Crafts,20.99,24.99,1,19,0,0,0,0.0,0.0,No recent sales,,398.81,474.81
17,Maven Toys Toluca 1,Toluca,Downtown,33,Teddy Bear,Toys,10.99,12.99,1,27,0,0,0,0.0,0.0,No recent sales,,296.73,350.73
18,Maven Toys Merida 1,Merida,Downtown,10,Dinosaur Figures,Toys,10.99,14.99,1,16,0,0,0,0.0,0.0,No recent sales,,175.84,239.84
18,Maven Toys Merida 1,Merida,Downtown,29,Plush Pony,Toys,8.99,19.99,1,28,0,0,0,0.0,0.0,No recent sales,,251.72,559.72
18,Maven Toys Merida 1,Merida,Downtown,33,Teddy Bear,Toys,10.99,12.99,1,9,0,0,0,0.0,0.0,No recent sales,,98.91,116.91
20,Maven Toys Zacatecas 1,Zacatecas,Downtown,26,PlayDoh Playset,Art & Crafts,20.99,24.99,1,12,0,0,0,0.0,0.0,No recent sales,,251.88,299.88
20,Maven Toys Zacatecas 1,Zacatecas,Downtown,29,Plush Pony,Toys,8.99,19.99,1,9,0,0,0,0.0,0.0,No recent sales,,80.91,179.91
20,Maven Toys Zacatecas 1,Zacatecas,Downtown,34,Toy Robot,Electronics,20.99,25.99,1,19,0,0,0,0.0,0.0,No recent sales,,398.81,493.81
22,Maven Toys Guanajuato 2,Guanajuato,Commercial,20,Mini Basketball Hoop,Sports & Outdoors,8.99,24.99,1,18,0,0,0,0.0,0.0,No recent sales,,161.82,449.82
22,Maven Toys Guanajuato 2,Guanajuato,Commercial,32,Supersoaker Water Gun,Sports & Outdoors,11.99,14.99,1,38,0,0,0,0.0,0.0,No recent sales,,455.62,569.62
23,Maven Toys Chihuahua 1,Chihuahua,Commercial,20,Mini Basketball Hoop,Sports & Outdoors,8.99,24.99,1,2,0,0,0,0.0,0.0,No recent sales,,17.98,49.98
24,Maven Toys Aguascalientes 1,Aguascalientes,Downtown,20,Mini Basketball Hoop,Sports & Outdoors,8.99,24.99,1,7,0,0,0,0.0,0.0,No recent sales,,62.93,174.93
24,Maven Toys Aguascalientes 1,Aguascalientes,Downtown,26,PlayDoh Playset,Art & Crafts,20.99,24.99,1,21,0,0,0,0.0,0.0,No recent sales,,440.79,524.79
24,Maven Toys Aguascalientes 1,Aguascalientes,Downtown,32,Supersoaker Water Gun,Sports & Outdoors,11.99,14.99,1,10,0,0,0,0.0,0.0,No recent sales,,119.9,149.9
25,Maven Toys Ciudad Victoria 1,Ciudad Victoria,Downtown,32,Supersoaker Water Gun,Sports & Outdoors,11.99,14.99,1,10,0,0,0,0.0,0.0,No recent sales,,119.9,149.9
26,Maven Toys Campeche 2,Campeche,Commercial,22,Monopoly,Games,13.99,19.99,1,5,0,0,0,0.0,0.0,No recent sales,,69.95,99.95
27,Maven Toys Oaxaca 1,Oaxaca,Downtown,26,PlayDoh Playset,Art & Crafts,20.99,24.99,1,6,0,0,0,0,0,No recent sales,,125.94,149.94
27,Maven Toys Oaxaca 1,Oaxaca,Downtown,29,Plush Pony,Toys,8.99,19.99,1,3,0,0,0,0.0,0.0,No recent sales,,26.97,59.97
29,Maven Toys Xalapa 1,Xalapa,Commercial,17,Kids Makeup Kit,Art & Crafts,13.99,19.99,1,25,0,0,0,0.0,0.0,No recent sales,,349.75,499.75
29,Maven Toys Xalapa 1,Xalapa,Commercial,33,Teddy Bear,Toys,10.99,12.99,1,6,0,0,0,0,0,No recent sales,,65.94,77.94
32,Maven Toys Hermosillo 1,Hermosillo,Residential,10,Dinosaur Figures,Toys,10.99,14.99,1,138,0,0,0,0.0,0.0,No recent sales,,1516.62,2068.62
32,Maven Toys Hermosillo 1,Hermosillo,Residential,17,Kids Makeup Kit,Art & Crafts,13.99,19.99,1,8,0,0,0,0.0,0.0,No recent sales,,111.92,159.92
32,Maven Toys Hermosillo 1,Hermosillo,Residential,26,PlayDoh Playset,Art & Crafts,20.99,24.99,1,11,0,0,0,0.0,0.0,No recent sales,,230.89,274.89
32,Maven Toys Hermosillo 1,Hermosillo,Residential,29,Plush Pony,Toys,8.99,19.99,1,4,0,0,0,0.0,0.0,No recent sales,,35.96,79.96
32,Maven Toys Hermosillo 1,Hermosillo,Residential,33,Teddy Bear,Toys,10.99,12.99,1,13,0,0,0,0.0,0.0,No recent sales,,142.87,168.87
33,Maven Toys Monterrey 3,Monterrey,Airport,20,Mini Basketball Hoop,Sports & Outdoors,8.99,24.99,1,11,0,0,0,0.0,0.0,No recent sales,,98.89,274.89
33,Maven Toys Monterrey 3,Monterrey,Airport,33,Teddy Bear,Toys,10.99,12.99,1,9,0,0,0,0.0,0.0,No recent sales,,98.91,116.91
33,Maven Toys Monterrey 3,Monterrey,Airport,35,Uno Card Game,Games,3.99,7.99,1,18,0,0,0,0.0,0.0,No recent sales,,71.82,143.82
34,Maven Toys Villahermosa 1,Villahermosa,Downtown,20,Mini Basketball Hoop,Sports & Outdoors,8.99,24.99,1,17,0,0,0,0.0,0.0,No recent sales,,152.83,424.83
34,Maven Toys Villahermosa 1,Villahermosa,Downtown,23,Mr. Potatohead,Toys,4.99,9.99,1,13,0,0,0,0.0,0.0,No recent sales,,64.87,129.87
34,Maven Toys Villahermosa 1,Villahermosa,Downtown,33,Teddy Bear,Toys,10.99,12.99,1,9,0,0,0,0.0,0.0,No recent sales,,98.91,116.91
34,Maven Toys Villahermosa 1,Villahermosa,Downtown,35,Uno Card Game,Games,3.99,7.99,1,20,0,0,0,0.0,0.0,No recent sales,,79.8,159.8
35,Maven Toys Chilpancingo 1,Chilpancingo,Downtown,11,Etch A Sketch,Art & Crafts,10.99,20.99,1,8,0,0,0,0.0,0.0,No recent sales,,87.92,167.92
35,Maven Toys Chilpancingo 1,Chilpancingo,Downtown,33,Teddy Bear,Toys,10.99,12.99,1,14,0,0,0,0.0,0.0,No recent sales,,153.86,181.86
36,Maven Toys Morelia 1,Morelia,Downtown,20,Mini Basketball Hoop,Sports & Outdoors,8.99,24.99,1,2,0,0,0,0.0,0.0,No recent sales,,17.98,49.98
36,Maven Toys Morelia 1,Morelia,Downtown,22,Monopoly,Games,13.99,19.99,1,21,0,0,0,0.0,0.0,No recent sales,,293.79,419.79
36,Maven Toys Morelia 1,Morelia,Downtown,23,Mr. Potatohead,Toys,4.99,9.99,1,19,0,0,0,0.0,0.0,No recent sales,,94.81,189.81
36,Maven Toys Morelia 1,Morelia,Downtown,27,PlayDoh Toolkit,Art & Crafts,3.99,4.99,1,46,0,0,0,0.0,0.0,No recent sales,,183.54,229.54
36,Maven Toys Morelia 1,Morelia,Downtown,29,Plush Pony,Toys,8.99,19.99,1,14,0,0,0,0.0,0.0,No recent sales,,125.86,279.86
36,Maven Toys Morelia 1,Morelia,Downtown,34,Toy Robot,Electronics,20.99,25.99,1,2,0,0,0,0.0,0.0,No recent sales,,41.98,51.98
36,Maven Toys Morelia 1,Morelia,Downtown,35,Uno Card Game,Games,3.99,7.99,1,12,0,0,0,0.0,0.0,No recent sales,,47.88,95.88
37,Maven Toys Ciudad de Mexico 3,Cuidad de Mexico,Residential,5,Classic Dominoes,Games,7.99,9.99,1,2,0,0,0,0.0,0.0,No recent sales,,15.98,19.98
37,Maven Toys Ciudad de Mexico 3,Cuidad de Mexico,Residential,20,Mini Basketball Hoop,Sports & Outdoors,8.99,24.99,1,11,0,0,0,0.0,0.0,No recent sales,,98.89,274.89
41,Maven Toys Hermosillo 2,Hermosillo,Downtown,34,Toy Robot,Electronics,20.99,25.99,1,15,0,0,0,0.0,0.0,No recent sales,,314.85,389.85
42,Maven Toys Hermosillo 3,Hermosillo,Commercial,34,Toy Robot,Electronics,20.99,25.99,1,34,0,0,0,0.0,0.0,No recent sales,,713.66,883.66
44,Maven Toys Puebla 3,Puebla,Residential,16,Jenga,Games,2.99,9.99,1,3,0,0,0,0.0,0.0,No recent sales,,8.97,29.97
44,Maven Toys Puebla 3,Puebla,Residential,32,Supersoaker Water Gun,Sports & Outdoors,11.99,14.99,1,29,0,0,0,0.0,0.0,No recent sales,,347.71,434.71
44,Maven Toys Puebla 3,Puebla,Residential,34,Toy Robot,Electronics,20.99,25.99,1,22,0,0,0,0.0,0.0,No recent sales,,461.78,571.78
45,Maven Toys Ciudad de Mexico 4,Cuidad de Mexico,Commercial,26,PlayDoh Playset,Art & Crafts,20.99,24.99,1,14,0,0,0,0.0,0.0,No recent sales,,293.86,349.86
45,Maven Toys Ciudad de Mexico 4,Cuidad de Mexico,Commercial,33,Teddy Bear,Toys,10.99,12.99,1,7,0,0,0,0.0,0.0,No recent sales,,76.93,90.93
46,Maven Toys Guadalajara 4,Guadalajara,Downtown,17,Kids Makeup Kit,Art & Crafts,13.99,19.99,1,40,0,0,0,0.0,0.0,No recent sales,,559.6,799.6
46,Maven Toys Guadalajara 4,Guadalajara,Downtown,26,PlayDoh Playset,Art & Crafts,20.99,24.99,1,14,0,0,0,0.0,0.0,No recent sales,,293.86,349.86
46,Maven Toys Guadalajara 4,Guadalajara,Downtown,32,Supersoaker Water Gun,Sports & Outdoors,11.99,14.99,1,8,0,0,0,0.0,0.0,No recent sales,,95.92,119.92
48,Maven Toys Saltillo 2,Saltillo,Commercial,20,Mini Basketball Hoop,Sports & Outdoors,8.99,24.99,1,10,0,0,0,0.0,0.0,No recent sales,,89.9,249.9
48,Maven Toys Saltillo 2,Saltillo,Commercial,29,Plush Pony,Toys,8.99,19.99,1,20,0,0,0,0.0,0.0,No recent sales,,179.8,399.8
49,Maven Toys Culiacan 1,Culiacan,Downtown,5,Classic Dominoes,Games,7.99,9.99,1,13,0,0,0,0.0,0.0,No recent sales,,103.87,129.87
